clique_id,graph_id,atoms,bonds,clique_features
0,0,2;3;4;5;27;28,2:3;2:28;3:2;3:4;4:3;4:5;5:4;5:27;27:5;27:28;28:2;28:27,0
1,0,5;6;7;8;10;27,5:6;5:27;6:5;6:7;7:6;7:8;8:7;8:10;10:8;10:27;27:5;27:10,0
2,0,12;13;14;15;25;26,12:13;12:26;13:12;13:14;14:13;14:15;15:14;15:25;25:15;25:26;26:12;26:25,0
3,0,19;20;21;23;24,19:20;19:24;20:19;20:21;21:20;21:23;23:21;23:24;24:19;24:23,0
4,0,0;1,0:1;1:0,1
5,0,1;2,1:2;2:1,1
6,0,8;9,8:9;9:8,1
7,0,10;11,10:11;11:10,1
8,0,11;12,11:12;12:11,1
9,0,15;16,15:16;16:15,1
10,0,16;17,16:17;17:16,1
11,0,16;18,16:18;18:16,1
12,0,16;19,16:19;19:16,1
13,0,21;22,21:22;22:21,1
14,0,16,,3
0,1,9;10;11;12;21;22,9:10;9:22;10:9;10:11;11:10;11:12;12:11;12:21;21:12;21:22;22:9;22:21,0
1,1,15;16;17;18;19;20,15:16;15:20;16:15;16:17;17:16;17:18;18:17;18:19;19:18;19:20;20:15;20:19,0
2,1,23;24;25,23:24;23:25;24:23;24:25;25:23;25:24,0
3,1,0;1,0:1;1:0,0
4,1,1;2,1:2;2:1,1
5,1,1;3,1:3;3:1,1
6,1,3;4,3:4;4:3,1
7,1,3;23,3:23;23:3,1
8,1,4;5,4:5;5:4,1
9,1,5;6,5:6;6:5,1
10,1,6;7,6:7;7:6,1
11,1,7;8,7:8;8:7,1
12,1,7;9,7:9;9:7,1
13,1,12;13,12:13;13:12,1
14,1,13;14,13:14;14:13,3
15,1,13;15,13:15;15:13,0
16,1,1,,0
17,1,3,,0
18,1,7,,1
19,1,13,,1
0,2,3;4;5;6;8;9,3:4;3:9;4:3;4:5;5:4;5:6;6:5;6:8;8:6;8:9;9:3;9:8,0
1,2,13;14;15,13:14;13:15;14:13;14:15;15:13;15:14,0
2,2,0;1,0:1;1:0,0
3,2,1;2,1:2;2:1,0
4,2,1;10,1:10;10:1,1
5,2,2;3,2:3;3:2,1
6,2,6;7,6:7;7:6,1
7,2,10;11,10:11;11:10,1
8,2,10;12,10:12;12:10,1
9,2,12;13,12:13;13:12,1
10,2,1,,1
11,2,10,,1
0,3,1;2;4;11;26,1:2;1:26;2:1;2:4;4:2;4:11;11:4;11:26;26:1;26:11,0
1,3,5;6;7;8;9;10,5:6;5:10;6:5;6:7;7:6;7:8;8:7;8:9;9:8;9:10;10:5;10:9,0
2,3,14;15;16;22;23;25,14:15;14:25;15:14;15:16;16:15;16:22;22:16;22:23;23:22;23:25;25:14;25:23,0
3,3,16;17;20;21;22,16:17;16:22;17:16;17:20;20:17;20:21;21:20;21:22;22:16;22:21,0
4,3,0;1,0:1;1:0,1
5,3,2;3,2:3;3:2,1
6,3,4;5,4:5;5:4,1
7,3,11;12,11:12;12:11,1
8,3,12;13,12:13;13:12,1
9,3,13;14,13:14;14:13,1
10,3,17;18,17:18;18:17,1
11,3,18;19,18:19;19:18,1
12,3,23;24,23:24;24:23,1
0,4,8;9;10;11;12;17,8:9;8:17;9:8;9:10;10:9;10:11;11:10;11:12;12:11;12:17;17:8;17:12,0
1,4,12;13;14;15;16;17,12:13;12:17;13:12;13:14;14:13;14:15;15:14;15:16;16:15;16:17;17:12;17:16,0
2,4,0;1,0:1;1:0,0
3,4,1;2,1:2;2:1,0
4,4,2;3,2:3;3:2,1
5,4,2;5,2:5;5:2,1
6,4,2;18,2:18;18:2,1
7,4,3;4,3:4;4:3,1
8,4,5;6,5:6;6:5,1
9,4,5;7,5:7;7:5,1
10,4,7;8,7:8;8:7,1
11,4,18;19,18:19;19:18,1
12,4,18;20,18:20;20:18,1
13,4,2,,1
14,4,5,,3
15,4,18,,0
0,5,7;8;9;10;16;17,7:8;7:17;8:7;8:9;9:8;9:10;10:9;10:16;16:10;16:17;17:7;17:16,0
1,5,11;12;13;14;15,11:12;11:15;12:11;12:13;13:12;13:14;14:13;14:15;15:11;15:14,0
2,5,18;19;20;21;22;23,18:19;18:23;19:18;19:20;20:19;20:21;21:20;21:22;22:21;22:23;23:18;23:22,0
3,5,0;1,0:1;1:0,0
4,5,1;2,1:2;2:1,1
5,5,1;18,1:18;18:1,1
6,5,2;3,2:3;3:2,1
7,5,3;4,3:4;4:3,1
8,5,3;5,3:5;5:3,1
9,5,5;6,5:6;6:5,1
10,5,6;7,6:7;7:6,1
11,5,10;11,10:11;11:10,1
12,5,23;24,23:24;24:23,1
13,5,24;25,24:25;25:24,1
14,5,24;26,24:26;26:24,3
15,5,24;27,24:27;27:24,0
16,5,1,,0
17,5,3,,0
18,5,24,,1
0,6,1;2;3;5;7,1:2;1:7;2:1;2:3;3:2;3:5;5:3;5:7;7:1;7:5,0
1,6,0;1,0:1;1:0,0
2,6,3;4,3:4;4:3,0
3,6,5;6,5:6;6:5,0
4,6,7;8,7:8;8:7,1
5,6,8;9,8:9;9:8,1
6,6,9;10,9:10;10:9,1
7,6,10;11,10:11;11:10,1
8,6,11;12,11:12;12:11,1
9,6,11;13,11:13;13:11,1
10,6,11;14,11:14;14:11,1
11,6,14;15,14:15;15:14,1
12,6,15;16,15:16;16:15,1
13,6,16;17,16:17;17:16,1
14,6,16;18,16:18;18:16,3
15,6,11,,0
16,6,16,,0
0,7,10;11;12;13;14;15,10:11;10:15;11:10;11:12;12:11;12:13;13:12;13:14;14:13;14:15;15:10;15:14,0
1,7,0;1,0:1;1:0,0
2,7,1;2,1:2;2:1,0
3,7,2;3,2:3;3:2,0
4,7,3;4,3:4;4:3,1
5,7,3;5,3:5;5:3,1
6,7,5;6,5:6;6:5,1
7,7,5;8,5:8;8:5,1
8,7,6;7,6:7;7:6,1
9,7,8;9,8:9;9:8,1
10,7,8;10,8:10;10:8,1
11,7,3,,1
12,7,5,,1
13,7,8,,1
0,8,11;12;13;14;21,11:12;11:21;12:11;12:13;13:12;13:14;14:13;14:21;21:11;21:14,0
1,8,15;16;17;18;19;20,15:16;15:20;16:15;16:17;17:16;17:18;18:17;18:19;19:18;19:20;20:15;20:19,0
2,8,0;1,0:1;1:0,0
3,8,1;2,1:2;2:1,0
4,8,1;3,1:3;3:1,1
5,8,3;4,3:4;4:3,1
6,8,3;5,3:5;5:3,1
7,8,5;6,5:6;6:5,1
8,8,6;7,6:7;7:6,1
9,8,7;8,7:8;8:7,1
10,8,8;9,8:9;9:8,1
11,8,8;10,8:10;10:8,1
12,8,10;11,10:11;11:10,1
13,8,14;15,14:15;15:14,1
14,8,1,,3
15,8,3,,0
16,8,8,,0
0,9,7;8;9;10;11;12,7:8;7:12;8:7;8:9;9:8;9:10;10:9;10:11;11:10;11:12;12:7;12:11,0
1,9,13;14;15;16;17,13:14;13:17;14:13;14:15;15:14;15:16;16:15;16:17;17:13;17:16,0
2,9,0;1,0:1;1:0,0
3,9,1;2,1:2;2:1,0
4,9,1;13,1:13;13:1,1
5,9,2;3,2:3;3:2,1
6,9,2;4,2:4;4:2,1
7,9,4;5,4:5;5:4,1
8,9,5;6,5:6;6:5,1
9,9,5;7,5:7;7:5,1
10,9,1,,1
11,9,2,,1
12,9,5,,1
0,10,2;3;4;5;6;22,2:3;2:22;3:2;3:4;4:3;4:5;5:4;5:6;6:5;6:22;22:2;22:6,0
1,10,13;14;15;16;17;18,13:14;13:18;14:13;14:15;15:14;15:16;16:15;16:17;17:16;17:18;18:13;18:17,0
2,10,0;1,0:1;1:0,0
3,10,1;2,1:2;2:1,0
4,10,6;7,6:7;7:6,1
5,10,7;8,7:8;8:7,1
6,10,7;19,7:19;19:7,1
7,10,8;9,8:9;9:8,1
8,10,8;10,8:10;10:8,1
9,10,10;11,10:11;11:10,1
10,10,11;12,11:12;12:11,1
11,10,12;13,12:13;13:12,1
12,10,19;20,19:20;20:19,1
13,10,19;21,19:21;21:19,1
14,10,7,,3
15,10,8,,0
16,10,19,,0
0,11,1;2;3;4;5;21,1:2;1:21;2:1;2:3;3:2;3:4;4:3;4:5;5:4;5:21;21:1;21:5,0
1,11,9;10;11;19;20,9:10;9:20;10:9;10:11;11:10;11:19;19:11;19:20;20:9;20:19,0
2,11,12;13;14;15;16;17,12:13;12:17;13:12;13:14;14:13;14:15;15:14;15:16;16:15;16:17;17:12;17:16,0
3,11,0;1,0:1;1:0,0
4,11,5;6,5:6;6:5,1
5,11,6;7,6:7;7:6,1
6,11,6;8,6:8;8:6,1
7,11,8;9,8:9;9:8,1
8,11,11;12,11:12;12:11,1
9,11,17;18,17:18;18:17,1
10,11,21;22,21:22;22:21,1
11,11,22;23,22:23;23:22,1
12,11,6,,1
0,12,3;4;5;6;8;9,3:4;3:9;4:3;4:5;5:4;5:6;6:5;6:8;8:6;8:9;9:3;9:8,0
1,12,11;12;13;14;15;16,11:12;11:16;12:11;12:13;13:12;13:14;14:13;14:15;15:14;15:16;16:11;16:15,0
2,12,0;1,0:1;1:0,0
3,12,1;2,1:2;2:1,0
4,12,1;11,1:11;11:1,1
5,12,2;3,2:3;3:2,1
6,12,6;7,6:7;7:6,1
7,12,9;10,9:10;10:9,1
8,12,1,,1
0,13,2;3;4;5;6;7,2:3;2:7;3:2;3:4;4:3;4:5;5:4;5:6;6:5;6:7;7:2;7:6,0
1,13,5;6;8;9;10;11,5:6;5:11;6:5;6:8;8:6;8:9;9:8;9:10;10:9;10:11;11:5;11:10,0
2,13,14;15;16,14:15;14:16;15:14;15:16;16:14;16:15,0
3,13,0;1,0:1;1:0,0
4,13,1;2,1:2;2:1,1
5,13,11;12,11:12;12:11,1
6,13,12;13,12:13;13:12,1
7,13,12;14,12:14;14:12,1
8,13,12,,1
0,14,6;7;8;16;17,6:7;6:17;7:6;7:8;8:7;8:16;16:8;16:17;17:6;17:16,0
1,14,8;9;10;14;15;16,8:9;8:16;9:8;9:10;10:9;10:14;14:10;14:15;15:14;15:16;16:8;16:15,0
2,14,0;1,0:1;1:0,0
3,14,1;2,1:2;2:1,0
4,14,2;3,2:3;3:2,1
5,14,3;4,3:4;4:3,1
6,14,3;5,3:5;5:3,1
7,14,5;6,5:6;6:5,1
8,14,10;11,10:11;11:10,1
9,14,11;12,11:12;12:11,1
10,14,11;13,11:13;13:11,1
11,14,3,,1
12,14,11,,1
0,15,3;4;6;7;8,3:4;3:8;4:3;4:6;6:4;6:7;7:6;7:8;8:3;8:7,0
1,15,9;10;11;12;13;14,9:10;9:14;10:9;10:11;11:10;11:12;12:11;12:13;13:12;13:14;14:9;14:13,0
2,15,18;19;22;23;29,18:19;18:29;19:18;19:22;22:19;22:23;23:22;23:29;29:18;29:23,0
3,15,22;23;24;25;27;28,22:23;22:28;23:22;23:24;24:23;24:25;25:24;25:27;27:25;27:28;28:22;28:27,0
4,15,0;1,0:1;1:0,1
5,15,1;2,1:2;2:1,1
6,15,1;15,1:15;15:1,1
7,15,2;3,2:3;3:2,1
8,15,4;5,4:5;5:4,1
9,15,8;9,8:9;9:8,1
10,15,15;16,15:16;16:15,1
11,15,15;17,15:17;17:15,1
12,15,17;18,17:18;18:17,1
13,15,19;20,19:20;20:19,1
14,15,20;21,20:21;21:20,3
15,15,25;26,25:26;26:25,0
16,15,1,,0
17,15,15,,0
0,16,4;5;6;7;24;25,4:5;4:25;5:4;5:6;6:5;6:7;7:6;7:24;24:7;24:25;25:4;25:24,0
1,16,8;9;10;11;23,8:9;8:23;9:8;9:10;10:9;10:11;11:10;11:23;23:8;23:11,0
2,16,11;12;14;21;23,11:12;11:23;12:11;12:14;14:12;14:21;21:14;21:23;23:11;23:21,0
3,16,15;16;17;18;19;20,15:16;15:20;16:15;16:17;17:16;17:18;18:17;18:19;19:18;19:20;20:15;20:19,0
4,16,0;1,0:1;1:0,1
5,16,1;2,1:2;2:1,1
6,16,2;3,2:3;3:2,1
7,16,2;4,2:4;4:2,1
8,16,7;8,7:8;8:7,1
9,16,12;13,12:13;13:12,1
10,16,14;15,14:15;15:14,1
11,16,21;22,21:22;22:21,1
12,16,2,,1
0,17,2;3;4;5;6;7,2:3;2:7;3:2;3:4;4:3;4:5;5:4;5:6;6:5;6:7;7:2;7:6,0
1,17,8;9;10;11;12;13,8:9;8:13;9:8;9:10;10:9;10:11;11:10;11:12;12:11;12:13;13:8;13:12,0
2,17,11;12;14;17;18,11:12;11:18;12:11;12:14;14:12;14:17;17:14;17:18;18:11;18:17,0
3,17,20;21;22;23;24;25,20:21;20:25;21:20;21:22;22:21;22:23;23:22;23:24;24:23;24:25;25:20;25:24,0
4,17,0;1,0:1;1:0,1
5,17,1;2,1:2;2:1,1
6,17,1;8,1:8;8:1,1
7,17,14;15,14:15;15:14,1
8,17,15;16,15:16;16:15,1
9,17,18;19,18:19;19:18,1
10,17,19;20,19:20;20:19,1
11,17,1,,1
0,18,5;6;7;17;18;19,5:6;5:19;6:5;6:7;7:6;7:17;17:7;17:18;18:17;18:19;19:5;19:18,0
1,18,11;12;13;14;16,11:12;11:16;12:11;12:13;13:12;13:14;14:13;14:16;16:11;16:14,0
2,18,0;1,0:1;1:0,0
3,18,1;2,1:2;2:1,0
4,18,2;3,2:3;3:2,1
5,18,2;4,2:4;4:2,1
6,18,2;5,2:5;5:2,1
7,18,7;8,7:8;8:7,1
8,18,8;9,8:9;9:8,1
9,18,8;10,8:10;10:8,1
10,18,10;11,10:11;11:10,1
11,18,14;15,14:15;15:14,1
12,18,19;20,19:20;20:19,1
13,18,2,,1
14,18,8,,3
0,19,1;2;3;4;5;6,1:2;1:6;2:1;2:3;3:2;3:4;4:3;4:5;5:4;5:6;6:1;6:5,0
1,19,15;16;17;18;20;21,15:16;15:21;16:15;16:17;17:16;17:18;18:17;18:20;20:18;20:21;21:15;21:20,0
2,19,3;4;8;22;23,3:4;3:23;4:3;4:8;8:4;8:22;22:8;22:23;23:3;23:22,0
3,19,0;1,0:1;1:0,0
4,19,6;7,6:7;7:6,1
5,19,8;9,8:9;9:8,1
6,19,9;10,9:10;10:9,1
7,19,10;11,10:11;11:10,1
8,19,10;12,10:12;12:10,1
9,19,12;13,12:13;13:12,1
10,19,13;14,13:14;14:13,1
11,19,14;15,14:15;15:14,1
12,19,18;19,18:19;19:18,1
13,19,10,,1
0,20,1;2;3;8;26,1:2;1:26;2:1;2:3;3:2;3:8;8:3;8:26;26:1;26:8,0
1,20,14;15;16;17;22;23,14:15;14:23;15:14;15:16;16:15;16:17;17:16;17:22;22:17;22:23;23:14;23:22,0
2,20,17;18;19;20;21;22,17:18;17:22;18:17;18:19;19:18;19:20;20:19;20:21;21:20;21:22;22:17;22:21,0
3,20,0;1,0:1;1:0,0
4,20,3;4,3:4;4:3,1
5,20,4;5,4:5;5:4,1
6,20,4;6,4:6;6:4,1
7,20,4;7,4:7;7:4,1
8,20,8;9,8:9;9:8,1
9,20,9;10,9:10;10:9,1
10,20,10;11,10:11;11:10,1
11,20,10;12,10:12;12:10,1
12,20,12;13,12:13;13:12,1
13,20,13;14,13:14;14:13,1
14,20,23;24,23:24;24:23,3
15,20,24;25,24:25;25:24,0
16,20,4,,0
17,20,10,,0
0,21,1;2;3;4;22;23,1:2;1:23;2:1;2:3;3:2;3:4;4:3;4:22;22:4;22:23;23:1;23:22,0
1,21,8;9;10;11;20;21,8:9;8:21;9:8;9:10;10:9;10:11;11:10;11:20;20:11;20:21;21:8;21:20,0
2,21,14;15;16;17;18;19,14:15;14:19;15:14;15:16;16:15;16:17;17:16;17:18;18:17;18:19;19:14;19:18,0
3,21,0;1,0:1;1:0,0
4,21,4;5,4:5;5:4,1
5,21,5;6,5:6;6:5,1
6,21,6;7,6:7;7:6,1
7,21,6;8,6:8;8:6,1
8,21,11;12,11:12;12:11,1
9,21,12;13,12:13;13:12,1
10,21,12;14,12:14;14:12,1
11,21,6,,1
12,21,12,,1
0,22,1;2;3;4;21;22,1:2;1:22;2:1;2:3;3:2;3:4;4:3;4:21;21:4;21:22;22:1;22:21,0
1,22,4;5;6;7;8;21,4:5;4:21;5:4;5:6;6:5;6:7;7:6;7:8;8:7;8:21;21:4;21:8,0
2,22,10;11;12;19;20,10:11;10:20;11:10;11:12;12:11;12:19;19:12;19:20;20:10;20:19,0
3,22,13;14;15;16;17;18,13:14;13:18;14:13;14:15;15:14;15:16;16:15;16:17;17:16;17:18;18:13;18:17,0
4,22,0;1,0:1;1:0,1
5,22,8;9,8:9;9:8,1
6,22,9;10,9:10;10:9,1
7,22,12;13,12:13;13:12,1
0,23,3;4;5;6;25;26,3:4;3:26;4:3;4:5;5:4;5:6;6:5;6:25;25:6;25:26;26:3;26:25,0
1,23,7;8;9;23;24,7:8;7:24;8:7;8:9;9:8;9:23;23:9;23:24;24:7;24:23,0
2,23,11;12;13;14;21;22,11:12;11:22;12:11;12:13;13:12;13:14;14:13;14:21;21:14;21:22;22:11;22:21,0
3,23,15;16;17;18;19;20,15:16;15:20;16:15;16:17;17:16;17:18;18:17;18:19;19:18;19:20;20:15;20:19,0
4,23,0;1,0:1;1:0,1
5,23,1;2,1:2;2:1,1
6,23,2;3,2:3;3:2,1
7,23,6;7,6:7;7:6,1
8,23,9;10,9:10;10:9,1
9,23,10;11,10:11;11:10,1
10,23,14;15,14:15;15:14,1
11,23,26;27,26:27;27:26,1
12,23,27;28,27:28;28:27,1
0,24,2;3;4;5;6;7,2:3;2:7;3:2;3:4;4:3;4:5;5:4;5:6;6:5;6:7;7:2;7:6,0
1,24,8;9;10;17;30,8:9;8:30;9:8;9:10;10:9;10:17;17:10;17:30;30:8;30:17,0
2,24,11;12;13;14;15;16,11:12;11:16;12:11;12:13;13:12;13:14;14:13;14:15;15:14;15:16;16:11;16:15,0
3,24,17;18;20;28;30,17:18;17:30;18:17;18:20;20:18;20:28;28:20;28:30;30:17;30:28,0
4,24,21;22;23;24;26;27,21:22;21:27;22:21;22:23;23:22;23:24;24:23;24:26;26:24;26:27;27:21;27:26,1
5,24,0;1,0:1;1:0,1
6,24,1;2,1:2;2:1,1
7,24,1;8,1:8;8:1,1
8,24,10;11,10:11;11:10,1
9,24,18;19,18:19;19:18,1
10,24,20;21,20:21;21:20,1
11,24,24;25,24:25;25:24,1
12,24,28;29,28:29;29:28,1
13,24,1,,1
0,25,0;1,0:1;1:0,0
1,25,1;2,1:2;2:1,0
2,25,2;3,2:3;3:2,0
3,25,2;4,2:4;4:2,0
4,25,4;5,4:5;5:4,1
5,25,5;6,5:6;6:5,1
6,25,5;7,5:7;7:5,1
7,25,7;8,7:8;8:7,1
8,25,8;9,8:9;9:8,1
9,25,9;10,9:10;10:9,1
10,25,10;11,10:11;11:10,1
11,25,10;12,10:12;12:10,1
12,25,12;13,12:13;13:12,1
13,25,13;14,13:14;14:13,1
14,25,13;15,13:15;15:13,3
15,25,15;16,15:16;16:15,0
16,25,15;17,15:17;17:15,0
17,25,2,,0
18,25,5,,1
19,25,10,,1
20,25,13,,1
21,25,15,,1
0,26,9;10;11;12;13;14,9:10;9:14;10:9;10:11;11:10;11:12;12:11;12:13;13:12;13:14;14:9;14:13,0
1,26,17;18;20;21;22,17:18;17:22;18:17;18:20;20:18;20:21;21:20;21:22;22:17;22:21,0
2,26,0;1,0:1;1:0,0
3,26,1;2,1:2;2:1,0
4,26,2;3,2:3;3:2,1
5,26,3;4,3:4;4:3,1
6,26,3;5,3:5;5:3,1
7,26,5;6,5:6;6:5,1
8,26,6;7,6:7;7:6,1
9,26,7;8,7:8;8:7,1
10,26,7;9,7:9;9:7,1
11,26,14;15,14:15;15:14,1
12,26,15;16,15:16;16:15,1
13,26,16;17,16:17;17:16,1
14,26,18;19,18:19;19:18,3
15,26,22;23,22:23;23:22,0
16,26,3,,0
17,26,7,,0
0,27,10;11;12;13;14;15,10:11;10:15;11:10;11:12;12:11;12:13;13:12;13:14;14:13;14:15;15:10;15:14,0
1,27,0;1,0:1;1:0,0
2,27,1;2,1:2;2:1,0
3,27,1;3,1:3;3:1,0
4,27,3;4,3:4;4:3,1
5,27,4;5,4:5;5:4,1
6,27,5;6,5:6;6:5,1
7,27,6;7,6:7;7:6,1
8,27,7;8,7:8;8:7,1
9,27,7;9,7:9;9:7,1
10,27,9;10,9:10;10:9,1
11,27,15;16,15:16;16:15,1
12,27,16;17,16:17;17:16,1
13,27,16;18,16:18;18:16,1
14,27,16;19,16:19;19:16,3
15,27,1,,0
16,27,7,,0
17,27,16,,0
0,28,2;3;4;5;14;15,2:3;2:15;3:2;3:4;4:3;4:5;5:4;5:14;14:5;14:15;15:2;15:14,0
1,28,9;10;11;12;13,9:10;9:13;10:9;10:11;11:10;11:12;12:11;12:13;13:9;13:12,0
2,28,0;1,0:1;1:0,0
3,28,1;2,1:2;2:1,0
4,28,5;6,5:6;6:5,1
5,28,6;7,6:7;7:6,1
6,28,7;8,7:8;8:7,1
7,28,8;9,8:9;9:8,1
0,29,4;5;6;7;29;30,4:5;4:30;5:4;5:6;6:5;6:7;7:6;7:29;29:7;29:30;30:4;30:29,0
1,29,8;9;10;11;12;13,8:9;8:13;9:8;9:10;10:9;10:11;11:10;11:12;12:11;12:13;13:8;13:12,0
2,29,12;13;14;15;28,12:13;12:28;13:12;13:14;14:13;14:15;15:14;15:28;28:12;28:15,0
3,29,21;22;23;24;26;27,21:22;21:27;22:21;22:23;23:22;23:24;24:23;24:26;26:24;26:27;27:21;27:26,0
4,29,0;1,0:1;1:0,1
5,29,1;2,1:2;2:1,1
6,29,1;3,1:3;3:1,1
7,29,1;4,1:4;4:1,1
8,29,7;8,7:8;8:7,1
9,29,15;16,15:16;16:15,1
10,29,16;17,16:17;17:16,1
11,29,17;18,17:18;18:17,1
12,29,18;19,18:19;19:18,1
13,29,18;20,18:20;20:18,1
14,29,20;21,20:21;21:20,3
15,29,24;25,24:25;25:24,0
16,29,1,,0
17,29,18,,0
0,30,5;6;7;8;10;25,5:6;5:25;6:5;6:7;7:6;7:8;8:7;8:10;10:8;10:25;25:5;25:10,0
1,30,18;19;20;21;23;24,18:19;18:24;19:18;19:20;20:19;20:21;21:20;21:23;23:21;23:24;24:18;24:23,0
2,30,0;1,0:1;1:0,0
3,30,1;2,1:2;2:1,0
4,30,2;3,2:3;3:2,1
5,30,2;4,2:4;4:2,1
6,30,4;5,4:5;5:4,1
7,30,8;9,8:9;9:8,1
8,30,10;11,10:11;11:10,1
9,30,11;12,11:12;12:11,1
10,30,12;13,12:13;13:12,1
11,30,13;14,13:14;14:13,1
12,30,13;15,13:15;15:13,1
13,30,15;16,15:16;16:15,1
14,30,16;17,16:17;17:16,3
15,30,16;18,16:18;18:16,0
16,30,21;22,21:22;22:21,0
17,30,2,,0
18,30,13,,1
19,30,16,,1
0,31,1;2;3;4;31;32,1:2;1:32;2:1;2:3;3:2;3:4;4:3;4:31;31:4;31:32;32:1;32:31,0
1,31,10;11;13;17;27;28,10:11;10:28;11:10;11:13;13:11;13:17;17:13;17:27;27:17;27:28;28:10;28:27,0
2,31,14;15;16,14:15;14:16;15:14;15:16;16:14;16:15,0
3,31,22;23;24;25;26,22:23;22:26;23:22;23:24;24:23;24:25;25:24;25:26;26:22;26:25,0
4,31,9;10;28;29;30,9:10;9:30;10:9;10:28;28:10;28:29;29:28;29:30;30:9;30:29,1
5,31,0;1,0:1;1:0,1
6,31,4;5,4:5;5:4,1
7,31,5;6,5:6;6:5,1
8,31,6;7,6:7;7:6,1
9,31,7;8,7:8;8:7,1
10,31,7;9,7:9;9:7,1
11,31,11;12,11:12;12:11,1
12,31,13;14,13:14;14:13,1
13,31,17;18,17:18;18:17,1
14,31,17;19,17:19;19:17,3
15,31,19;20,19:20;20:19,0
16,31,19;21,19:21;21:19,0
17,31,21;22,21:22;22:21,0
18,31,7,,1
19,31,17,,1
20,31,19,,1
0,32,1;2;3;4;21,1:2;1:21;2:1;2:3;3:2;3:4;4:3;4:21;21:1;21:4,0
1,32,8;9;10;11;19;20,8:9;8:20;9:8;9:10;10:9;10:11;11:10;11:19;19:11;19:20;20:8;20:19,0
2,32,14;15;16;17;18,14:15;14:18;15:14;15:16;16:15;16:17;17:16;17:18;18:14;18:17,0
3,32,0;1,0:1;1:0,0
4,32,4;5,4:5;5:4,1
5,32,5;6,5:6;6:5,1
6,32,5;7,5:7;7:5,1
7,32,5;8,5:8;8:5,1
8,32,11;12,11:12;12:11,1
9,32,12;13,12:13;13:12,1
10,32,12;14,12:14;14:12,1
11,32,5,,1
12,32,12,,1
0,33,1;2;3;4;5;21,1:2;1:21;2:1;2:3;3:2;3:4;4:3;4:5;5:4;5:21;21:1;21:5,0
1,33,9;10;11;12;13;20,9:10;9:20;10:9;10:11;11:10;11:12;12:11;12:13;13:12;13:20;20:9;20:13,0
2,33,14;15;16;17;18;19,14:15;14:19;15:14;15:16;16:15;16:17;17:16;17:18;18:17;18:19;19:14;19:18,0
3,33,0;1,0:1;1:0,0
4,33,5;6,5:6;6:5,1
5,33,6;7,6:7;7:6,1
6,33,6;8,6:8;8:6,1
7,33,8;9,8:9;9:8,1
8,33,13;14,13:14;14:13,1
9,33,6,,1
0,34,1;2;3;4;6,1:2;1:6;2:1;2:3;3:2;3:4;4:3;4:6;6:1;6:4,0
1,34,7;8;9;10;12;27,7:8;7:27;8:7;8:9;9:8;9:10;10:9;10:12;12:10;12:27;27:7;27:12,0
2,34,18;19;20;22;23;25,18:19;18:25;19:18;19:20;20:19;20:22;22:20;22:23;23:22;23:25;25:18;25:23,0
3,34,0;1,0:1;1:0,0
4,34,4;5,4:5;5:4,1
5,34,6;7,6:7;7:6,1
6,34,10;11,10:11;11:10,1
7,34,12;13,12:13;13:12,1
8,34,13;14,13:14;14:13,1
9,34,13;15,13:15;15:13,1
10,34,15;16,15:16;16:15,1
11,34,16;17,16:17;17:16,1
12,34,17;18,17:18;18:17,1
13,34,20;21,20:21;21:20,1
14,34,23;24,23:24;24:23,3
15,34,25;26,25:26;26:25,0
16,34,13,,0
0,35,1;2;3;8;9,1:2;1:9;2:1;2:3;3:2;3:8;8:3;8:9;9:1;9:8,0
1,35,3;4;5;6;7;8,3:4;3:8;4:3;4:5;5:4;5:6;6:5;6:7;7:6;7:8;8:3;8:7,0
2,35,18;19;20;21;23;25,18:19;18:25;19:18;19:20;20:19;20:21;21:20;21:23;23:21;23:25;25:18;25:23,0
3,35,0;1,0:1;1:0,0
4,35,9;10,9:10;10:9,1
5,35,10;11,10:11;11:10,1
6,35,10;12,10:12;12:10,1
7,35,10;13,10:13;13:10,1
8,35,13;14,13:14;14:13,1
9,35,14;15,14:15;15:14,1
10,35,15;16,15:16;16:15,1
11,35,16;17,16:17;17:16,1
12,35,16;18,16:18;18:16,1
13,35,21;22,21:22;22:21,1
14,35,23;24,23:24;24:23,3
15,35,10,,0
16,35,16,,0
0,36,10;11;12;13;14,10:11;10:14;11:10;11:12;12:11;12:13;13:12;13:14;14:10;14:13,0
1,36,15;16;17;18;20;21,15:16;15:21;16:15;16:17;17:16;17:18;18:17;18:20;20:18;20:21;21:15;21:20,0
2,36,0;1,0:1;1:0,0
3,36,1;2,1:2;2:1,0
4,36,2;3,2:3;3:2,1
5,36,3;4,3:4;4:3,1
6,36,3;5,3:5;5:3,1
7,36,5;6,5:6;6:5,1
8,36,6;7,6:7;7:6,1
9,36,7;8,7:8;8:7,1
10,36,7;9,7:9;9:7,1
11,36,9;10,9:10;10:9,1
12,36,14;15,14:15;15:14,1
13,36,18;19,18:19;19:18,1
14,36,3,,3
15,36,7,,0
0,37,6;7;8;9;10;24,6:7;6:24;7:6;7:8;8:7;8:9;9:8;9:10;10:9;10:24;24:6;24:10,0
1,37,13;14;15;16;17;23,13:14;13:23;14:13;14:15;15:14;15:16;16:15;16:17;17:16;17:23;23:13;23:17,0
2,37,0;1,0:1;1:0,0
3,37,1;2,1:2;2:1,0
4,37,2;3,2:3;3:2,1
5,37,3;4,3:4;4:3,1
6,37,3;5,3:5;5:3,1
7,37,5;6,5:6;6:5,1
8,37,10;11,10:11;11:10,1
9,37,11;12,11:12;12:11,1
10,37,11;13,11:13;13:11,1
11,37,17;18,17:18;18:17,1
12,37,18;19,18:19;19:18,1
13,37,18;20,18:20;20:18,1
14,37,20;21,20:21;21:20,3
15,37,21;22,21:22;22:21,0
16,37,3,,0
17,37,11,,0
18,37,18,,1
0,38,1;2;3;4;5;15,1:2;1:15;2:1;2:3;3:2;3:4;4:3;4:5;5:4;5:15;15:1;15:5,0
1,38,0;1,0:1;1:0,0
2,38,5;6,5:6;6:5,0
3,38,6;7,6:7;7:6,0
4,38,6;8,6:8;8:6,1
5,38,8;9,8:9;9:8,1
6,38,9;10,9:10;10:9,1
7,38,10;11,10:11;11:10,1
8,38,11;12,11:12;12:11,1
9,38,12;13,12:13;13:12,1
10,38,12;14,12:14;14:12,1
11,38,15;16,15:16;16:15,1
12,38,16;17,16:17;17:16,1
13,38,16;18,16:18;18:16,1
14,38,6,,3
15,38,12,,0
16,38,16,,0
0,39,2;3;4;6;18;19,2:3;2:19;3:2;3:4;4:3;4:6;6:4;6:18;18:6;18:19;19:2;19:18,0
1,39,10;11;12;13;16;17,10:11;10:17;11:10;11:12;12:11;12:13;13:12;13:16;16:13;16:17;17:10;17:16,0
2,39,0;1,0:1;1:0,0
3,39,1;2,1:2;2:1,0
4,39,4;5,4:5;5:4,1
5,39,6;7,6:7;7:6,1
6,39,7;8,7:8;8:7,1
7,39,7;9,7:9;9:7,1
8,39,9;10,9:10;10:9,1
9,39,13;14,13:14;14:13,1
10,39,14;15,14:15;15:14,1
11,39,19;20,19:20;20:19,1
12,39,20;21,20:21;21:20,1
13,39,7,,1
0,40,9;10;11;12;17;18,9:10;9:18;10:9;10:11;11:10;11:12;12:11;12:17;17:12;17:18;18:9;18:17,0
1,40,19;20;21;22;23,19:20;19:23;20:19;20:21;21:20;21:22;22:21;22:23;23:19;23:22,0
2,40,0;1,0:1;1:0,0
3,40,1;2,1:2;2:1,0
4,40,1;19,1:19;19:1,1
5,40,2;3,2:3;3:2,1
6,40,3;4,3:4;4:3,1
7,40,4;5,4:5;5:4,1
8,40,4;6,4:6;6:4,1
9,40,6;7,6:7;7:6,1
10,40,6;8,6:8;8:6,1
11,40,8;9,8:9;9:8,1
12,40,12;13,12:13;13:12,1
13,40,13;14,13:14;14:13,1
14,40,13;15,13:15;15:13,3
15,40,13;16,13:16;16:13,0
16,40,1,,0
17,40,4,,0
18,40,6,,1
19,40,13,,1
0,41,5;6;7;8;9;10,5:6;5:10;6:5;6:7;7:6;7:8;8:7;8:9;9:8;9:10;10:5;10:9,0
1,41,12;13;14;15;17;18,12:13;12:18;13:12;13:14;14:13;14:15;15:14;15:17;17:15;17:18;18:12;18:17,0
2,41,0;1,0:1;1:0,0
3,41,1;2,1:2;2:1,0
4,41,2;3,2:3;3:2,1
5,41,3;4,3:4;4:3,1
6,41,3;5,3:5;5:3,1
7,41,10;11,10:11;11:10,1
8,41,11;12,11:12;12:11,1
9,41,15;16,15:16;16:15,1
10,41,18;19,18:19;19:18,1
11,41,3,,1
0,42,8;9;10;11;12;13,8:9;8:13;9:8;9:10;10:9;10:11;11:10;11:12;12:11;12:13;13:8;13:12,0
1,42,15;16;17;18;19;20,15:16;15:20;16:15;16:17;17:16;17:18;18:17;18:19;19:18;19:20;20:15;20:19,0
2,42,21;22;23;28;29,21:22;21:29;22:21;22:23;23:22;23:28;28:23;28:29;29:21;29:28,0
3,42,23;24;25;26;27;28,23:24;23:28;24:23;24:25;25:24;25:26;26:25;26:27;27:26;27:28;28:23;28:27,0
4,42,0;1,0:1;1:0,1
5,42,1;2,1:2;2:1,1
6,42,1;15,1:15;15:1,1
7,42,2;3,2:3;3:2,1
8,42,3;4,3:4;4:3,1
9,42,4;5,4:5;5:4,1
10,42,4;7,4:7;7:4,1
11,42,5;6,5:6;6:5,1
12,42,7;8,7:8;8:7,1
13,42,13;14,13:14;14:13,1
14,42,20;21,20:21;21:20,3
15,42,1,,0
16,42,4,,0
0,43,1;2;3;6;7;8,1:2;1:8;2:1;2:3;3:2;3:6;6:3;6:7;7:6;7:8;8:1;8:7,0
1,43,12;13;14;15;16,12:13;12:16;13:12;13:14;14:13;14:15;15:14;15:16;16:12;16:15,0
2,43,0;1,0:1;1:0,0
3,43,3;4,3:4;4:3,0
4,43,3;5,3:5;5:3,1
5,43,8;9,8:9;9:8,1
6,43,9;10,9:10;10:9,1
7,43,10;11,10:11;11:10,1
8,43,10;12,10:12;12:10,1
9,43,16;17,16:17;17:16,1
10,43,3,,1
11,43,10,,1
0,44,1;2;3;4;5;6,1:2;1:6;2:1;2:3;3:2;3:4;4:3;4:5;5:4;5:6;6:1;6:5,0
1,44,5;6;7;8;19,5:6;5:19;6:5;6:7;7:6;7:8;8:7;8:19;19:5;19:8,0
2,44,0;1,0:1;1:0,0
3,44,8;9,8:9;9:8,0
4,44,9;10,9:10;10:9,1
5,44,10;11,10:11;11:10,1
6,44,11;12,11:12;12:11,1
7,44,11;13,11:13;13:11,1
8,44,13;14,13:14;14:13,1
9,44,14;15,14:15;15:14,1
10,44,14;16,14:16;16:14,1
11,44,16;17,16:17;17:16,1
12,44,16;18,16:18;18:16,1
13,44,11,,1
14,44,14,,3
15,44,16,,0
0,45,1;2;3;4;30;31,1:2;1:31;2:1;2:3;3:2;3:4;4:3;4:30;30:4;30:31;31:1;31:30,0
1,45,5;6;8;13;14;15,5:6;5:15;6:5;6:8;8:6;8:13;13:8;13:14;14:13;14:15;15:5;15:14,0
2,45,8;9;10;11;12;13,8:9;8:13;9:8;9:10;10:9;10:11;11:10;11:12;12:11;12:13;13:8;13:12,0
3,45,19;20;21;26;27;29,19:20;19:29;20:19;20:21;21:20;21:26;26:21;26:27;27:26;27:29;29:19;29:27,0
4,45,21;22;23;24;25;26,21:22;21:26;22:21;22:23;23:22;23:24;24:23;24:25;25:24;25:26;26:21;26:25,1
5,45,0;1,0:1;1:0,1
6,45,4;5,4:5;5:4,1
7,45,6;7,6:7;7:6,1
8,45,15;16,15:16;16:15,1
9,45,16;17,16:17;17:16,1
10,45,17;18,17:18;18:17,1
11,45,17;19,17:19;19:17,1
12,45,27;28,27:28;28:27,1
13,45,17,,1
0,46,2;3;4;5;9;10,2:3;2:10;3:2;3:4;4:3;4:5;5:4;5:9;9:5;9:10;10:2;10:9,0
1,46,13;14;15;17;27;28,13:14;13:28;14:13;14:15;15:14;15:17;17:15;17:27;27:17;27:28;28:13;28:27,0
2,46,19;20;21;22;23;24,19:20;19:24;20:19;20:21;21:20;21:22;22:21;22:23;23:22;23:24;24:19;24:23,0
3,46,17;18;25;26;27,17:18;17:27;18:17;18:25;25:18;25:26;26:25;26:27;27:17;27:26,0
4,46,0;1,0:1;1:0,1
5,46,1;2,1:2;2:1,1
6,46,5;6,5:6;6:5,1
7,46,6;7,6:7;7:6,1
8,46,6;8,6:8;8:6,1
9,46,10;11,10:11;11:10,1
10,46,11;12,11:12;12:11,1
11,46,12;13,12:13;13:12,1
12,46,15;16,15:16;16:15,1
13,46,18;19,18:19;19:18,1
14,46,6,,3
0,47,3;4;5;6;8,3:4;3:8;4:3;4:5;5:4;5:6;6:5;6:8;8:3;8:6,0
1,47,14;15;16;17;18;19,14:15;14:19;15:14;15:16;16:15;16:17;17:16;17:18;18:17;18:19;19:14;19:18,0
2,47,13;21;22,13:21;13:22;21:13;21:22;22:13;22:21,0
3,47,0;1,0:1;1:0,0
4,47,1;2,1:2;2:1,1
5,47,1;9,1:9;9:1,1
6,47,2;3,2:3;3:2,1
7,47,6;7,6:7;7:6,1
8,47,9;10,9:10;10:9,1
9,47,9;11,9:11;11:9,1
10,47,11;12,11:12;12:11,1
11,47,12;13,12:13;13:12,1
12,47,13;14,13:14;14:13,1
13,47,19;20,19:20;20:19,1
14,47,1,,3
15,47,9,,0
16,47,13,,0
0,48,3;4;5;6;8;19,3:4;3:19;4:3;4:5;5:4;5:6;6:5;6:8;8:6;8:19;19:3;19:8,0
1,48,14;15;16;17;18,14:15;14:18;15:14;15:16;16:15;16:17;17:16;17:18;18:14;18:17,0
2,48,0;1,0:1;1:0,0
3,48,1;2,1:2;2:1,0
4,48,1;3,1:3;3:1,1
5,48,6;7,6:7;7:6,1
6,48,8;9,8:9;9:8,1
7,48,9;10,9:10;10:9,1
8,48,9;11,9:11;11:9,1
9,48,11;12,11:12;12:11,1
10,48,11;13,11:13;13:11,1
11,48,13;14,13:14;14:13,1
12,48,1,,1
13,48,9,,1
14,48,11,,3
0,49,4;5;6;7;9;10,4:5;4:10;5:4;5:6;6:5;6:7;7:6;7:9;9:7;9:10;10:4;10:9,0
1,49,13;14;15;16;22;23,13:14;13:23;14:13;14:15;15:14;15:16;16:15;16:22;22:16;22:23;23:13;23:22,0
2,49,17;18;19;20;21,17:18;17:21;18:17;18:19;19:18;19:20;20:19;20:21;21:17;21:20,0
3,49,0;1,0:1;1:0,0
4,49,1;2,1:2;2:1,1
5,49,1;11,1:11;11:1,1
6,49,2;3,2:3;3:2,1
7,49,3;4,3:4;4:3,1
8,49,7;8,7:8;8:7,1
9,49,11;12,11:12;12:11,1
10,49,12;13,12:13;13:12,1
11,49,16;17,16:17;17:16,1
12,49,1,,1
0,50,4;5;6;7;13,4:5;4:13;5:4;5:6;6:5;6:7;7:6;7:13;13:4;13:7,0
1,50,8;9;10;11;12,8:9;8:12;9:8;9:10;10:9;10:11;11:10;11:12;12:8;12:11,0
2,50,14;15;16;17;18;19,14:15;14:19;15:14;15:16;16:15;16:17;17:16;17:18;18:17;18:19;19:14;19:18,0
3,50,0;1,0:1;1:0,0
4,50,1;2,1:2;2:1,1
5,50,1;14,1:14;14:1,1
6,50,2;3,2:3;3:2,1
7,50,3;4,3:4;4:3,1
8,50,7;8,7:8;8:7,1
9,50,19;20,19:20;20:19,1
10,50,1,,1
0,51,10;11;12;13;14;15;16,10:11;10:15;11:10;11:12;12:11;12:13;12:16;13:12;13:14;14:13;14:15;15:10;15:14;15:16;16:12;16:15,0
1,51,1;2;3;4;17;18,1:2;1:18;2:1;2:3;3:2;3:4;4:3;4:17;17:4;17:18;18:1;18:17,0
2,51,0;1,0:1;1:0,0
3,51,4;5,4:5;5:4,0
4,51,5;6,5:6;6:5,1
5,51,5;7,5:7;7:5,1
6,51,5;8,5:8;8:5,1
7,51,8;9,8:9;9:8,1
8,51,9;10,9:10;10:9,1
9,51,5,,1
0,52,2;3;4;5;6;8,2:3;2:8;3:2;3:4;4:3;4:5;5:4;5:6;6:5;6:8;8:2;8:6,0
1,52,10;11;12;13;14;20,10:11;10:20;11:10;11:12;12:11;12:13;13:12;13:14;14:13;14:20;20:10;20:14,0
2,52,15;16;17;18;19,15:16;15:19;16:15;16:17;17:16;17:18;18:17;18:19;19:15;19:18,0
3,52,0;1,0:1;1:0,0
4,52,1;2,1:2;2:1,1
5,52,6;7,6:7;7:6,1
6,52,8;9,8:9;9:8,1
7,52,9;10,9:10;10:9,1
8,52,14;15,14:15;15:14,1
0,53,1;2;23;24;25,1:2;1:25;2:1;2:23;23:2;23:24;24:23;24:25;25:1;25:24,0
1,53,5;6;7;8;9;22,5:6;5:22;6:5;6:7;7:6;7:8;8:7;8:9;9:8;9:22;22:5;22:9,0
2,53,8;9;10;11;12;14,8:9;8:14;9:8;9:10;10:9;10:11;11:10;11:12;12:11;12:14;14:8;14:12,0
3,53,17;18;19;20;21,17:18;17:21;18:17;18:19;19:18;19:20;20:19;20:21;21:17;21:20,0
4,53,0;1,0:1;1:0,1
5,53,2;3,2:3;3:2,1
6,53,3;4,3:4;4:3,1
7,53,3;5,3:5;5:3,1
8,53,12;13,12:13;13:12,1
9,53,14;15,14:15;15:14,1
10,53,15;16,15:16;16:15,1
11,53,16;17,16:17;17:16,1
12,53,3,,1
0,54,6;7;8;9;10;11,6:7;6:11;7:6;7:8;8:7;8:9;9:8;9:10;10:9;10:11;11:6;11:10,0
1,54,14;15;16;17;22;23,14:15;14:23;15:14;15:16;16:15;16:17;17:16;17:22;22:17;22:23;23:14;23:22,0
2,54,17;18;19;20;21;22,17:18;17:22;18:17;18:19;19:18;19:20;20:19;20:21;21:20;21:22;22:17;22:21,0
3,54,0;1,0:1;1:0,0
4,54,1;2,1:2;2:1,1
5,54,1;13,1:13;13:1,1
6,54,2;3,2:3;3:2,1
7,54,3;4,3:4;4:3,1
8,54,4;5,4:5;5:4,1
9,54,4;6,4:6;6:4,1
10,54,11;12,11:12;12:11,1
11,54,13;14,13:14;14:13,1
12,54,1,,1
13,54,4,,1
0,55,1;3;4;5;6;19;20,1:3;1:20;3:1;3:4;4:3;4:5;5:4;5:6;6:5;6:19;19:6;19:20;20:1;20:19,0
1,55,8;11;12;13;18,8:11;8:18;11:8;11:12;12:11;12:13;13:12;13:18;18:8;18:13,0
2,55,13;14;15;16;17;18,13:14;13:18;14:13;14:15;15:14;15:16;16:15;16:17;17:16;17:18;18:13;18:17,0
3,55,0;1,0:1;1:0,0
4,55,1;2,1:2;2:1,1
5,55,6;7,6:7;7:6,1
6,55,6;8,6:8;8:6,1
7,55,8;9,8:9;9:8,1
8,55,9;10,9:10;10:9,1
9,55,1,,1
10,55,6,,1
11,55,8,,1
0,56,4;5;13;14;15;16,4:5;4:16;5:4;5:13;13:5;13:14;14:13;14:15;15:14;15:16;16:4;16:15,0
1,56,6;7;8;9;11;12,6:7;6:12;7:6;7:8;8:7;8:9;9:8;9:11;11:9;11:12;12:6;12:11,0
2,56,13;14;19;20;21,13:14;13:21;14:13;14:19;19:14;19:20;20:19;20:21;21:13;21:20,0
3,56,0;1,0:1;1:0,0
4,56,1;2,1:2;2:1,1
5,56,2;3,2:3;3:2,1
6,56,2;4,2:4;4:2,1
7,56,5;6,5:6;6:5,1
8,56,9;10,9:10;10:9,1
9,56,16;17,16:17;17:16,1
10,56,16;18,16:18;18:16,1
11,56,21;22,21:22;22:21,1
12,56,2,,1
13,56,16,,1
0,57,3;4;5;6;7;12,3:4;3:12;4:3;4:5;5:4;5:6;6:5;6:7;7:6;7:12;12:3;12:7,0
1,57,7;8;9;10;11;12,7:8;7:12;8:7;8:9;9:8;9:10;10:9;10:11;11:10;11:12;12:7;12:11,0
2,57,14;15;16;17;18;19,14:15;14:19;15:14;15:16;16:15;16:17;17:16;17:18;18:17;18:19;19:14;19:18,0
3,57,23;24;25;26;27;28,23:24;23:28;24:23;24:25;25:24;25:26;26:25;26:27;27:26;27:28;28:23;28:27,0
4,57,0;1,0:1;1:0,1
5,57,1;2,1:2;2:1,1
6,57,1;13,1:13;13:1,1
7,57,2;3,2:3;3:2,1
8,57,13;14,13:14;14:13,1
9,57,19;20,19:20;20:19,1
10,57,20;21,20:21;21:20,1
11,57,20;22,20:22;22:20,1
12,57,22;23,22:23;23:22,1
13,57,1,,1
14,57,20,,3
0,58,4;5;6;7;12;13,4:5;4:13;5:4;5:6;6:5;6:7;7:6;7:12;12:7;12:13;13:4;13:12,0
1,58,7;8;9;10;11;12,7:8;7:12;8:7;8:9;9:8;9:10;10:9;10:11;11:10;11:12;12:7;12:11,0
2,58,14;15;16;17;18;19,14:15;14:19;15:14;15:16;16:15;16:17;17:16;17:18;18:17;18:19;19:14;19:18,0
3,58,20;21;22;23;24,20:21;20:24;21:20;21:22;22:21;22:23;23:22;23:24;24:20;24:23,0
4,58,0;1,0:1;1:0,1
5,58,1;2,1:2;2:1,1
6,58,1;14,1:14;14:1,1
7,58,2;3,2:3;3:2,1
8,58,3;4,3:4;4:3,1
9,58,19;20,19:20;20:19,1
10,58,1,,1
0,59,4;5;6;7;21;22,4:5;4:22;5:4;5:6;6:5;6:7;7:6;7:21;21:7;21:22;22:4;22:21,0
1,59,7;8;9;20;21,7:8;7:21;8:7;8:9;9:8;9:20;20:9;20:21;21:7;21:20,0
2,59,14;15;16;17;18;19,14:15;14:19;15:14;15:16;16:15;16:17;17:16;17:18;18:17;18:19;19:14;19:18,0
3,59,0;1,0:1;1:0,0
4,59,1;2,1:2;2:1,1
5,59,1;23,1:23;23:1,1
6,59,2;3,2:3;3:2,1
7,59,2;4,2:4;4:2,1
8,59,9;10,9:10;10:9,1
9,59,10;11,10:11;11:10,1
10,59,10;12,10:12;12:10,1
11,59,12;13,12:13;13:12,1
12,59,13;14,13:14;14:13,1
13,59,23;24,23:24;24:23,1
14,59,23;25,23:25;25:23,3
15,59,1,,0
16,59,2,,0
17,59,10,,0
18,59,23,,1
0,60,4;5;6;7;12,4:5;4:12;5:4;5:6;6:5;6:7;7:6;7:12;12:4;12:7,0
1,60,13;14;15;16;17;18,13:14;13:18;14:13;14:15;15:14;15:16;16:15;16:17;17:16;17:18;18:13;18:17,0
2,60,0;1,0:1;1:0,0
3,60,1;2,1:2;2:1,0
4,60,1;13,1:13;13:1,1
5,60,2;3,2:3;3:2,1
6,60,3;4,3:4;4:3,1
7,60,7;8,7:8;8:7,1
8,60,8;9,8:9;9:8,1
9,60,8;10,8:10;10:8,1
10,60,8;11,8:11;11:8,1
11,60,18;19,18:19;19:18,1
12,60,1,,1
13,60,8,,1
0,61,8;9;10;11;15;16,8:9;8:16;9:8;9:10;10:9;10:11;11:10;11:15;15:11;15:16;16:8;16:15,0
1,61,11;12;13;14;15,11:12;11:15;12:11;12:13;13:12;13:14;14:13;14:15;15:11;15:14,0
2,61,4;17;18;19,4:17;4:19;17:4;17:18;18:17;18:19;19:4;19:18,0
3,61,0;1,0:1;1:0,0
4,61,1;2,1:2;2:1,1
5,61,1;3,1:3;3:1,1
6,61,3;4,3:4;4:3,1
7,61,4;5,4:5;5:4,1
8,61,5;6,5:6;6:5,1
9,61,6;7,6:7;7:6,1
10,61,6;8,6:8;8:6,1
11,61,1,,1
12,61,4,,1
13,61,6,,1
0,62,4;5;6;7;23;24,4:5;4:24;5:4;5:6;6:5;6:7;7:6;7:23;23:7;23:24;24:4;24:23,0
1,62,11;12;13;14;15;16,11:12;11:16;12:11;12:13;13:12;13:14;14:13;14:15;15:14;15:16;16:11;16:15,0
2,62,17;18;19;20;21;22,17:18;17:22;18:17;18:19;19:18;19:20;20:19;20:21;21:20;21:22;22:17;22:21,0
3,62,0;1,0:1;1:0,0
4,62,1;2,1:2;2:1,1
5,62,1;3,1:3;3:1,1
6,62,1;4,1:4;4:1,1
7,62,7;8,7:8;8:7,1
8,62,8;9,8:9;9:8,1
9,62,9;10,9:10;10:9,1
10,62,10;11,10:11;11:10,1
11,62,10;17,10:17;17:10,1
12,62,1,,1
13,62,10,,1
0,63,7;8;9;12;13;14,7:8;7:14;8:7;8:9;9:8;9:12;12:9;12:13;13:12;13:14;14:7;14:13,0
1,63,0;1,0:1;1:0,0
2,63,1;2,1:2;2:1,0
3,63,2;3,2:3;3:2,0
4,63,2;4,2:4;4:2,1
5,63,4;5,4:5;5:4,1
6,63,4;7,4:7;7:4,1
7,63,5;6,5:6;6:5,1
8,63,9;10,9:10;10:9,1
9,63,10;11,10:11;11:10,1
10,63,14;15,14:15;15:14,1
11,63,15;16,15:16;16:15,1
12,63,2,,1
13,63,4,,1
0,64,1;2;21;22;23,1:2;1:23;2:1;2:21;21:2;21:22;22:21;22:23;23:1;23:22,0
1,64,7;8;9;10;19;20,7:8;7:20;8:7;8:9;9:8;9:10;10:9;10:19;19:10;19:20;20:7;20:19,0
2,64,13;14;15;16;17;18,13:14;13:18;14:13;14:15;15:14;15:16;16:15;16:17;17:16;17:18;18:13;18:17,0
3,64,0;1,0:1;1:0,0
4,64,2;3,2:3;3:2,1
5,64,3;4,3:4;4:3,1
6,64,4;5,4:5;5:4,1
7,64,5;6,5:6;6:5,1
8,64,5;7,5:7;7:5,1
9,64,10;11,10:11;11:10,1
10,64,11;12,11:12;12:11,1
11,64,12;13,12:13;13:12,1
12,64,5,,1
0,65,5;6;7;8;9;10,5:6;5:10;6:5;6:7;7:6;7:8;8:7;8:9;9:8;9:10;10:5;10:9,0
1,65,14;15;16;17;18,14:15;14:18;15:14;15:16;16:15;16:17;17:16;17:18;18:14;18:17,0
2,65,19;20;22;23;24,19:20;19:24;20:19;20:22;22:20;22:23;23:22;23:24;24:19;24:23,0
3,65,0;1,0:1;1:0,0
4,65,1;2,1:2;2:1,1
5,65,2;3,2:3;3:2,1
6,65,3;4,3:4;4:3,1
7,65,3;11,3:11;11:3,1
8,65,4;5,4:5;5:4,1
9,65,11;12,11:12;12:11,1
10,65,12;13,12:13;13:12,1
11,65,12;14,12:14;14:12,1
12,65,18;19,18:19;19:18,1
13,65,20;21,20:21;21:20,1
14,65,24;25,24:25;25:24,3
15,65,3,,0
16,65,12,,0
0,66,5;6;7;8;23;24,5:6;5:24;6:5;6:7;7:6;7:8;8:7;8:23;23:8;23:24;24:5;24:23,0
1,66,12;13;14;21;22,12:13;12:22;13:12;13:14;14:13;14:21;21:14;21:22;22:12;22:21,0
2,66,15;16;17;18;19;20,15:16;15:20;16:15;16:17;17:16;17:18;18:17;18:19;19:18;19:20;20:15;20:19,0
3,66,0;1,0:1;1:0,0
4,66,1;2,1:2;2:1,1
5,66,1;3,1:3;3:1,1
6,66,3;4,3:4;4:3,1
7,66,4;5,4:5;5:4,1
8,66,8;9,8:9;9:8,1
9,66,9;10,9:10;10:9,1
10,66,9;11,9:11;11:9,1
11,66,11;12,11:12;12:11,1
12,66,14;15,14:15;15:14,1
13,66,1,,1
14,66,9,,3
0,67,1;2;3;5;6;8,1:2;1:8;2:1;2:3;3:2;3:5;5:3;5:6;6:5;6:8;8:1;8:6,0
1,67,14;15;16;17;19;20,14:15;14:20;15:14;15:16;16:15;16:17;17:16;17:19;19:17;19:20;20:14;20:19,0
2,67,0;1,0:1;1:0,0
3,67,3;4,3:4;4:3,0
4,67,6;7,6:7;7:6,1
5,67,8;9,8:9;9:8,1
6,67,9;10,9:10;10:9,1
7,67,10;11,10:11;11:10,1
8,67,11;12,11:12;12:11,1
9,67,11;13,11:13;13:11,1
10,67,13;14,13:14;14:13,1
11,67,17;18,17:18;18:17,1
12,67,11,,1
0,68,3;4;5;12;13,3:4;3:13;4:3;4:5;5:4;5:12;12:5;12:13;13:3;13:12,0
1,68,6;7;8;9;10;11,6:7;6:11;7:6;7:8;8:7;8:9;9:8;9:10;10:9;10:11;11:6;11:10,0
2,68,17;18;19;20;24;25,17:18;17:25;18:17;18:19;19:18;19:20;20:19;20:24;24:20;24:25;25:17;25:24,0
3,68,20;21;22;23;24,20:21;20:24;21:20;21:22;22:21;22:23;23:22;23:24;24:20;24:23,0
4,68,0;1,0:1;1:0,1
5,68,1;2,1:2;2:1,1
6,68,1;14,1:14;14:1,1
7,68,2;3,2:3;3:2,1
8,68,5;6,5:6;6:5,1
9,68,14;15,14:15;15:14,1
10,68,14;16,14:16;16:14,1
11,68,16;17,16:17;17:16,1
12,68,1,,1
13,68,14,,1
0,69,3;4;5;6;10,3:4;3:10;4:3;4:5;5:4;5:6;6:5;6:10;10:3;10:6,0
1,69,7;8;9,7:8;7:9;8:7;8:9;9:7;9:8,0
2,69,12;13;14;15;16;18,12:13;12:18;13:12;13:14;14:13;14:15;15:14;15:16;16:15;16:18;18:12;18:16,0
3,69,0;1,0:1;1:0,0
4,69,1;2,1:2;2:1,1
5,69,1;11,1:11;11:1,1
6,69,2;3,2:3;3:2,1
7,69,6;7,6:7;7:6,1
8,69,11;12,11:12;12:11,1
9,69,16;17,16:17;17:16,1
10,69,1,,1
0,70,1;2;3;4;5;6,1:2;1:6;2:1;2:3;3:2;3:4;4:3;4:5;5:4;5:6;6:1;6:5,0
1,70,7;8;9;10;12,7:8;7:12;8:7;8:9;9:8;9:10;10:9;10:12;12:7;12:10,0
2,70,15;16;17;18;19;21,15:16;15:21;16:15;16:17;17:16;17:18;18:17;18:19;19:18;19:21;21:15;21:19,0
3,70,0;1,0:1;1:0,0
4,70,6;7,6:7;7:6,1
5,70,10;11,10:11;11:10,1
6,70,12;13,12:13;13:12,1
7,70,13;14,13:14;14:13,1
8,70,14;15,14:15;15:14,1
9,70,19;20,19:20;20:19,1
0,71,5;6;7;8;10,5:6;5:10;6:5;6:7;7:6;7:8;8:7;8:10;10:5;10:8,0
1,71,11;12;13;18;19,11:12;11:19;12:11;12:13;13:12;13:18;18:13;18:19;19:11;19:18,0
2,71,13;14;15;16;17;18,13:14;13:18;14:13;14:15;15:14;15:16;16:15;16:17;17:16;17:18;18:13;18:17,0
3,71,0;1,0:1;1:0,0
4,71,1;2,1:2;2:1,1
5,71,2;3,2:3;3:2,1
6,71,3;4,3:4;4:3,1
7,71,4;5,4:5;5:4,1
8,71,4;11,4:11;11:4,1
9,71,8;9,8:9;9:8,1
10,71,4,,1
0,72,2;3;4;5;6;7,2:3;2:7;3:2;3:4;4:3;4:5;5:4;5:6;6:5;6:7;7:2;7:6,0
1,72,5;6;8;10;21;22,5:6;5:22;6:5;6:8;8:6;8:10;10:8;10:21;21:10;21:22;22:5;22:21,0
2,72,14;15;16;17;19;20,14:15;14:20;15:14;15:16;16:15;16:17;17:16;17:19;19:17;19:20;20:14;20:19,0
3,72,27;28;29;31;32;33,27:28;27:33;28:27;28:29;29:28;29:31;31:29;31:32;32:31;32:33;33:27;33:32,0
4,72,0;1,0:1;1:0,1
5,72,1;2,1:2;2:1,1
6,72,8;9,8:9;9:8,1
7,72,10;11,10:11;11:10,1
8,72,11;12,11:12;12:11,1
9,72,11;13,11:13;13:11,1
10,72,11;14,11:14;14:11,1
11,72,17;18,17:18;18:17,1
12,72,22;23,22:23;23:22,1
13,72,23;24,23:24;24:23,1
14,72,24;25,24:25;25:24,3
15,72,24;26,24:26;26:24,0
16,72,26;27,26:27;27:26,0
17,72,29;30,29:30;30:29,0
18,72,33;34,33:34;34:33,1
19,72,11,,1
20,72,24,,1
0,73,4;5;6;22;23,4:5;4:23;5:4;5:6;6:5;6:22;22:6;22:23;23:4;23:22,0
1,73,7;8;9;10;11;12,7:8;7:12;8:7;8:9;9:8;9:10;10:9;10:11;11:10;11:12;12:7;12:11,0
2,73,17;18;19;20;21,17:18;17:21;18:17;18:19;19:18;19:20;20:19;20:21;21:17;21:20,0
3,73,0;1,0:1;1:0,0
4,73,1;2,1:2;2:1,1
5,73,2;3,2:3;3:2,1
6,73,2;4,2:4;4:2,1
7,73,6;7,6:7;7:6,1
8,73,12;13,12:13;13:12,1
9,73,13;14,13:14;14:13,1
10,73,14;15,14:15;15:14,1
11,73,14;16,14:16;16:14,1
12,73,16;17,16:17;17:16,1
13,73,2,,1
14,73,14,,3
0,74,3;4;5;10;11;12,3:4;3:12;4:3;4:5;5:4;5:10;10:5;10:11;11:10;11:12;12:3;12:11,0
1,74,5;6;7;8;9;10,5:6;5:10;6:5;6:7;7:6;7:8;8:7;8:9;9:8;9:10;10:5;10:9,0
2,74,17;18;19;20;22;23,17:18;17:23;18:17;18:19;19:18;19:20;20:19;20:22;22:20;22:23;23:17;23:22,0
3,74,0;1,0:1;1:0,0
4,74,1;2,1:2;2:1,1
5,74,1;3,1:3;3:1,1
6,74,12;13,12:13;13:12,1
7,74,13;14,13:14;14:13,1
8,74,14;15,14:15;15:14,1
9,74,14;16,14:16;16:14,1
10,74,16;17,16:17;17:16,1
11,74,20;21,20:21;21:20,1
12,74,23;24,23:24;24:23,1
13,74,1,,1
14,74,14,,3
0,75,2;3;4;5;6;23,2:3;2:23;3:2;3:4;4:3;4:5;5:4;5:6;6:5;6:23;23:2;23:6,0
1,75,9;10;11;12;20;22,9:10;9:22;10:9;10:11;11:10;11:12;12:11;12:20;20:12;20:22;22:9;22:20,0
2,75,14;15;16;17;18;19,14:15;14:19;15:14;15:16;16:15;16:17;17:16;17:18;18:17;18:19;19:14;19:18,0
3,75,0;1,0:1;1:0,0
4,75,1;2,1:2;2:1,1
5,75,6;7,6:7;7:6,1
6,75,7;8,7:8;8:7,1
7,75,8;9,8:9;9:8,1
8,75,12;13,12:13;13:12,1
9,75,13;14,13:14;14:13,1
10,75,20;21,20:21;21:20,1
0,76,4;5;6;7;23;24,4:5;4:24;5:4;5:6;6:5;6:7;7:6;7:23;23:7;23:24;24:4;24:23,0
1,76,15;16;17;18;19,15:16;15:19;16:15;16:17;17:16;17:18;18:17;18:19;19:15;19:18,0
2,76,20;21;22,20:21;20:22;21:20;21:22;22:20;22:21,0
3,76,0;1,0:1;1:0,0
4,76,1;2,1:2;2:1,1
5,76,2;3,2:3;3:2,1
6,76,3;4,3:4;4:3,1
7,76,7;8,7:8;8:7,1
8,76,8;9,8:9;9:8,1
9,76,9;10,9:10;10:9,1
10,76,9;11,9:11;11:9,1
11,76,11;12,11:12;12:11,1
12,76,11;13,11:13;13:11,1
13,76,13;14,13:14;14:13,1
14,76,14;15,14:15;15:14,3
15,76,14;20,14:20;20:14,0
16,76,9,,0
17,76,11,,0
18,76,14,,1
0,77,4;5;6;7;15,4:5;4:15;5:4;5:6;6:5;6:7;7:6;7:15;15:4;15:7,0
1,77,8;9;10;11;12;14,8:9;8:14;9:8;9:10;10:9;10:11;11:10;11:12;12:11;12:14;14:8;14:12,0
2,77,17;18;19;20;22;23,17:18;17:23;18:17;18:19;19:18;19:20;20:19;20:22;22:20;22:23;23:17;23:22,0
3,77,0;1,0:1;1:0,0
4,77,1;2,1:2;2:1,1
5,77,1;16,1:16;16:1,1
6,77,2;3,2:3;3:2,1
7,77,3;4,3:4;4:3,1
8,77,7;8,7:8;8:7,1
9,77,12;13,12:13;13:12,1
10,77,16;17,16:17;17:16,1
11,77,20;21,20:21;21:20,1
12,77,23;24,23:24;24:23,1
13,77,1,,1
0,78,1;2;3;4;5;6,1:2;1:6;2:1;2:3;3:2;3:4;4:3;4:5;5:4;5:6;6:1;6:5,0
1,78,8;9;10;16;21,8:9;8:21;9:8;9:10;10:9;10:16;16:10;16:21;21:8;21:16,0
2,78,16;17;18;19;20;21,16:17;16:21;17:16;17:18;18:17;18:19;19:18;19:20;20:19;20:21;21:16;21:20,0
3,78,0;1,0:1;1:0,0
4,78,6;7,6:7;7:6,1
5,78,7;8,7:8;8:7,1
6,78,10;11,10:11;11:10,1
7,78,11;12,11:12;12:11,1
8,78,12;13,12:13;13:12,1
9,78,13;14,13:14;14:13,1
10,78,13;15,13:15;15:13,1
11,78,13,,1
0,79,9;10;11;12;16;17,9:10;9:17;10:9;10:11;11:10;11:12;12:11;12:16;16:12;16:17;17:9;17:16,0
1,79,0;1,0:1;1:0,0
2,79,1;2,1:2;2:1,0
3,79,1;6,1:6;6:1,0
4,79,2;3,2:3;3:2,1
5,79,3;4,3:4;4:3,1
6,79,3;5,3:5;5:3,1
7,79,6;7,6:7;7:6,1
8,79,6;8,6:8;8:6,1
9,79,6;9,6:9;9:6,1
10,79,12;13,12:13;13:12,1
11,79,13;14,13:14;14:13,1
12,79,13;15,13:15;15:13,1
13,79,17;18,17:18;18:17,1
14,79,1,,3
15,79,3,,0
16,79,6,,0
17,79,13,,0
0,80,7;8;9;20;21;22,7:8;7:22;8:7;8:9;9:8;9:20;20:9;20:21;21:20;21:22;22:7;22:21,0
1,80,12;13;14;16;17;18,12:13;12:18;13:12;13:14;14:13;14:16;16:14;16:17;17:16;17:18;18:12;18:17,0
2,80,0;1,0:1;1:0,0
3,80,1;2,1:2;2:1,0
4,80,2;3,2:3;3:2,1
5,80,3;4,3:4;4:3,1
6,80,4;5,4:5;5:4,1
7,80,4;6,4:6;6:4,1
8,80,4;7,4:7;7:4,1
9,80,9;10,9:10;10:9,1
10,80,10;11,10:11;11:10,1
11,80,10;12,10:12;12:10,1
12,80,14;15,14:15;15:14,1
13,80,18;19,18:19;19:18,1
14,80,22;23,22:23;23:22,3
15,80,4,,0
16,80,10,,0
0,81,1;2;3;4;24;26,1:2;1:26;2:1;2:3;3:2;3:4;4:3;4:24;24:4;24:26;26:1;26:24,0
1,81,7;8;9;15;16;17,7:8;7:17;8:7;8:9;9:8;9:15;15:9;15:16;16:15;16:17;17:7;17:16,0
2,81,9;10;11;12;14;15,9:10;9:15;10:9;10:11;11:10;11:12;12:11;12:14;14:12;14:15;15:9;15:14,0
3,81,0;1,0:1;1:0,0
4,81,4;5,4:5;5:4,1
5,81,5;6,5:6;6:5,1
6,81,5;19,5:19;19:5,1
7,81,6;7,6:7;7:6,1
8,81,12;13,12:13;13:12,1
9,81,17;18,17:18;18:17,1
10,81,19;20,19:20;20:19,1
11,81,19;21,19:21;21:19,1
12,81,21;22,21:22;22:21,1
13,81,21;23,21:23;23:21,1
14,81,24;25,24:25;25:24,3
15,81,5,,0
16,81,19,,0
17,81,21,,0
0,82,1;2;4;5;16,1:2;1:16;2:1;2:4;4:2;4:5;5:4;5:16;16:1;16:5,0
1,82,10;12;13;14;15,10:12;10:15;12:10;12:13;13:12;13:14;14:13;14:15;15:10;15:14,0
2,82,17;18;19;20;22;23,17:18;17:23;18:17;18:19;19:18;19:20;20:19;20:22;22:20;22:23;23:17;23:22,0
3,82,0;1,0:1;1:0,0
4,82,2;3,2:3;3:2,1
5,82,5;6,5:6;6:5,1
6,82,6;7,6:7;7:6,1
7,82,7;8,7:8;8:7,1
8,82,7;9,7:9;9:7,1
9,82,9;10,9:10;10:9,1
10,82,10;11,10:11;11:10,1
11,82,16;17,16:17;17:16,1
12,82,20;21,20:21;21:20,1
13,82,7,,1
14,82,10,,3
0,83,6;7;8;9;24,6:7;6:24;7:6;7:8;8:7;8:9;9:8;9:24;24:6;24:9,0
1,83,18;19;20;21;22;23,18:19;18:23;19:18;19:20;20:19;20:21;21:20;21:22;22:21;22:23;23:18;23:22,0
2,83,0;1,0:1;1:0,0
3,83,1;2,1:2;2:1,0
4,83,1;3,1:3;3:1,1
5,83,3;4,3:4;4:3,1
6,83,4;5,4:5;5:4,1
7,83,5;6,5:6;6:5,1
8,83,9;10,9:10;10:9,1
9,83,10;11,10:11;11:10,1
10,83,10;12,10:12;12:10,1
11,83,12;13,12:13;13:12,1
12,83,12;14,12:14;14:12,1
13,83,14;15,14:15;15:14,1
14,83,15;16,15:16;16:15,3
15,83,15;17,15:17;17:15,0
16,83,17;18,17:18;18:17,0
17,83,1,,0
18,83,10,,1
19,83,12,,1
20,83,15,,1
0,84,1;2;3;4;5;29,1:2;1:29;2:1;2:3;3:2;3:4;4:3;4:5;5:4;5:29;29:1;29:5,0
1,84,9;10;11;12;27;28,9:10;9:28;10:9;10:11;11:10;11:12;12:11;12:27;27:12;27:28;28:9;28:27,0
2,84,13;14;15;16;25,13:14;13:25;14:13;14:15;15:14;15:16;16:15;16:25;25:13;25:16,0
3,84,0;1,0:1;1:0,0
4,84,5;6,5:6;6:5,1
5,84,6;7,6:7;7:6,1
6,84,6;8,6:8;8:6,1
7,84,8;9,8:9;9:8,1
8,84,12;13,12:13;13:12,1
9,84,16;17,16:17;17:16,1
10,84,17;18,17:18;18:17,1
11,84,18;19,18:19;19:18,1
12,84,18;22,18:22;22:18,1
13,84,19;20,19:20;20:19,1
14,84,19;21,19:21;21:19,3
15,84,22;23,22:23;23:22,0
16,84,22;24,22:24;24:22,0
17,84,25;26,25:26;26:25,0
18,84,6,,1
19,84,18,,1
20,84,19,,1
21,84,22,,1
0,85,1;2;3;4;5;6;7;20;21,1:2;1:5;2:1;2:3;2:21;3:2;3:4;4:3;4:5;5:1;5:4;5:6;6:5;6:7;7:6;7:20;20:7;20:21;21:2;21:20,0
1,85,11;12;13;14;19,11:12;11:19;12:11;12:13;13:12;13:14;14:13;14:19;19:11;19:14,0
2,85,14;15;16;17;18;19,14:15;14:19;15:14;15:16;16:15;16:17;17:16;17:18;18:17;18:19;19:14;19:18,0
3,85,0;1,0:1;1:0,0
4,85,7;8,7:8;8:7,1
5,85,8;9,8:9;9:8,1
6,85,8;10,8:10;10:8,1
7,85,10;11,10:11;11:10,1
8,85,8,,1
0,86,2;3;4;5;6;11,2:3;2:11;3:2;3:4;4:3;4:5;5:4;5:6;6:5;6:11;11:2;11:6,0
1,86,6;7;8;9;10;11,6:7;6:11;7:6;7:8;8:7;8:9;9:8;9:10;10:9;10:11;11:6;11:10,0
2,86,12;13;14;15;16;17,12:13;12:17;13:12;13:14;14:13;14:15;15:14;15:16;16:15;16:17;17:12;17:16,0
3,86,0;1,0:1;1:0,0
4,86,1;2,1:2;2:1,1
5,86,1;12,1:12;12:1,1
6,86,1,,1
0,87,7;8;9;10;11;12,7:8;7:12;8:7;8:9;9:8;9:10;10:9;10:11;11:10;11:12;12:7;12:11,0
1,87,17;18;19;20;21;22,17:18;17:22;18:17;18:19;19:18;19:20;20:19;20:21;21:20;21:22;22:17;22:21,0
2,87,0;1,0:1;1:0,0
3,87,1;2,1:2;2:1,0
4,87,1;3,1:3;3:1,1
5,87,3;4,3:4;4:3,1
6,87,3;14,3:14;14:3,1
7,87,4;5,4:5;5:4,1
8,87,5;6,5:6;6:5,1
9,87,5;7,5:7;7:5,1
10,87,12;13,12:13;13:12,1
11,87,14;15,14:15;15:14,1
12,87,14;16,14:16;16:14,1
13,87,16;17,16:17;17:16,1
14,87,22;23,22:23;23:22,3
15,87,1,,0
16,87,3,,0
17,87,5,,0
18,87,14,,1
0,88,3;4;5;6;11;12,3:4;3:12;4:3;4:5;5:4;5:6;6:5;6:11;11:6;11:12;12:3;12:11,0
1,88,6;7;8;9;10;11,6:7;6:11;7:6;7:8;8:7;8:9;9:8;9:10;10:9;10:11;11:6;11:10,0
2,88,16;17;18;19;27,16:17;16:27;17:16;17:18;18:17;18:19;19:18;19:27;27:16;27:19,0
3,88,20;21;22;23;25;26,20:21;20:26;21:20;21:22;22:21;22:23;23:22;23:25;25:23;25:26;26:20;26:25,0
4,88,0;1,0:1;1:0,1
5,88,1;2,1:2;2:1,1
6,88,1;14,1:14;14:1,1
7,88,2;3,2:3;3:2,1
8,88,12;13,12:13;13:12,1
9,88,14;15,14:15;15:14,1
10,88,15;16,15:16;16:15,1
11,88,19;20,19:20;20:19,1
12,88,23;24,23:24;24:23,1
13,88,1,,1
0,89,8;9;10;11;12;16,8:9;8:16;9:8;9:10;10:9;10:11;11:10;11:12;12:11;12:16;16:8;16:12,0
1,89,12;13;14;15;16,12:13;12:16;13:12;13:14;14:13;14:15;15:14;15:16;16:12;16:15,0
2,89,20;21;22;23;25;27,20:21;20:27;21:20;21:22;22:21;22:23;23:22;23:25;25:23;25:27;27:20;27:25,0
3,89,0;1,0:1;1:0,0
4,89,1;2,1:2;2:1,1
5,89,1;3,1:3;3:1,1
6,89,3;4,3:4;4:3,1
7,89,3;17,3:17;17:3,1
8,89,4;5,4:5;5:4,1
9,89,5;6,5:6;6:5,1
10,89,5;7,5:7;7:5,1
11,89,5;8,5:8;8:5,1
12,89,17;18,17:18;18:17,1
13,89,17;19,17:19;19:17,1
14,89,19;20,19:20;20:19,3
15,89,23;24,23:24;24:23,0
16,89,25;26,25:26;26:25,0
17,89,1,,0
18,89,3,,1
19,89,5,,1
20,89,17,,1
0,90,5;6;7;8;17;18,5:6;5:18;6:5;6:7;7:6;7:8;8:7;8:17;17:8;17:18;18:5;18:17,0
1,90,10;11;12;13;14;15,10:11;10:15;11:10;11:12;12:11;12:13;13:12;13:14;14:13;14:15;15:10;15:14,0
2,90,0;1,0:1;1:0,0
3,90,1;2,1:2;2:1,0
4,90,2;3,2:3;3:2,1
5,90,3;4,3:4;4:3,1
6,90,3;5,3:5;5:3,1
7,90,8;9,8:9;9:8,1
8,90,9;10,9:10;10:9,1
9,90,15;16,15:16;16:15,1
10,90,3,,1
0,91,1;2;3;18;23,1:2;1:23;2:1;2:3;3:2;3:18;18:3;18:23;23:1;23:18,0
1,91,10;11;12;13;15;16,10:11;10:16;11:10;11:12;12:11;12:13;13:12;13:15;15:13;15:16;16:10;16:15,0
2,91,18;19;20;21;22;23,18:19;18:23;19:18;19:20;20:19;20:21;21:20;21:22;22:21;22:23;23:18;23:22,0
3,91,0;1,0:1;1:0,0
4,91,3;4,3:4;4:3,1
5,91,4;5,4:5;5:4,1
6,91,4;6,4:6;6:4,1
7,91,6;7,6:7;7:6,1
8,91,7;8,7:8;8:7,1
9,91,8;9,8:9;9:8,1
10,91,8;10,8:10;10:8,1
11,91,13;14,13:14;14:13,1
12,91,16;17,16:17;17:16,1
13,91,4,,1
14,91,8,,3
0,92,12;13;14;15;17;18,12:13;12:18;13:12;13:14;14:13;14:15;15:14;15:17;17:15;17:18;18:12;18:17,0
1,92,0;1,0:1;1:0,0
2,92,1;2,1:2;2:1,0
3,92,2;3,2:3;3:2,0
4,92,3;4,3:4;4:3,1
5,92,3;5,3:5;5:3,1
6,92,5;6,5:6;6:5,1
7,92,6;7,6:7;7:6,1
8,92,7;8,7:8;8:7,1
9,92,7;9,7:9;9:7,1
10,92,9;10,9:10;10:9,1
11,92,10;11,10:11;11:10,1
12,92,11;12,11:12;12:11,1
13,92,15;16,15:16;16:15,1
14,92,18;19,18:19;19:18,3
15,92,3,,0
16,92,7,,0
0,93,1;3;10;11;19,1:3;1:19;3:1;3:10;10:3;10:11;11:10;11:19;19:1;19:11,0
1,93,4;5;6;7;8;9,4:5;4:9;5:4;5:6;6:5;6:7;7:6;7:8;8:7;8:9;9:4;9:8,0
2,93,12;13;14;15;17;18,12:13;12:18;13:12;13:14;14:13;14:15;15:14;15:17;17:15;17:18;18:12;18:17,0
3,93,0;1,0:1;1:0,0
4,93,1;2,1:2;2:1,1
5,93,3;4,3:4;4:3,1
6,93,11;12,11:12;12:11,1
7,93,15;16,15:16;16:15,1
8,93,19;20,19:20;20:19,1
9,93,1,,1
0,94,5;6;7;8;9;10,5:6;5:10;6:5;6:7;7:6;7:8;8:7;8:9;9:8;9:10;10:5;10:9,0
1,94,11;12;13;14;23;24,11:12;11:24;12:11;12:13;13:12;13:14;14:13;14:23;23:14;23:24;24:11;24:23,0
2,94,15;16;17;18;21;22,15:16;15:22;16:15;16:17;17:16;17:18;18:17;18:21;21:18;21:22;22:15;22:21,0
3,94,0;1,0:1;1:0,0
4,94,1;2,1:2;2:1,1
5,94,2;3,2:3;3:2,1
6,94,3;4,3:4;4:3,1
7,94,3;5,3:5;5:3,1
8,94,10;11,10:11;11:10,1
9,94,14;15,14:15;15:14,1
10,94,18;19,18:19;19:18,1
11,94,19;20,19:20;20:19,1
12,94,3,,1
0,95,5;6;7,5:6;5:7;6:5;6:7;7:5;7:6,0
1,95,10;11;12;17;18;19,10:11;10:19;11:10;11:12;12:11;12:17;17:12;17:18;18:17;18:19;19:10;19:18,0
2,95,0;1,0:1;1:0,0
3,95,1;2,1:2;2:1,0
4,95,2;3,2:3;3:2,1
5,95,3;4,3:4;4:3,1
6,95,3;8,3:8;8:3,1
7,95,4;5,4:5;5:4,1
8,95,8;9,8:9;9:8,1
9,95,8;10,8:10;10:8,1
10,95,12;13,12:13;13:12,1
11,95,13;14,13:14;14:13,1
12,95,13;15,13:15;15:13,1
13,95,13;16,13:16;16:13,1
14,95,19;20,19:20;20:19,3
15,95,3,,0
16,95,8,,0
17,95,13,,0
0,96,4;5;7;8;10;11,4:5;4:11;5:4;5:7;7:5;7:8;8:7;8:10;10:8;10:11;11:4;11:10,0
1,96,15;16;17;18;19,15:16;15:19;16:15;16:17;17:16;17:18;18:17;18:19;19:15;19:18,0
2,96,0;1,0:1;1:0,0
3,96,1;2,1:2;2:1,0
4,96,1;3,1:3;3:1,1
5,96,3;4,3:4;4:3,1
6,96,5;6,5:6;6:5,1
7,96,8;9,8:9;9:8,1
8,96,11;12,11:12;12:11,1
9,96,12;13,12:13;13:12,1
10,96,13;14,13:14;14:13,1
11,96,14;15,14:15;15:14,1
12,96,1,,1
0,97,3;4;5;6;12;13,3:4;3:13;4:3;4:5;5:4;5:6;6:5;6:12;12:6;12:13;13:3;13:12,0
1,97,7;8;9;10;11,7:8;7:11;8:7;8:9;9:8;9:10;10:9;10:11;11:7;11:10,0
2,97,14;15;16;17;23;24,14:15;14:24;15:14;15:16;16:15;16:17;17:16;17:23;23:17;23:24;24:14;24:23,0
3,97,18;19;20;21;22,18:19;18:22;19:18;19:20;20:19;20:21;21:20;21:22;22:18;22:21,0
4,97,0;1,0:1;1:0,1
5,97,1;2,1:2;2:1,1
6,97,1;14,1:14;14:1,1
7,97,2;3,2:3;3:2,1
8,97,6;7,6:7;7:6,1
9,97,17;18,17:18;18:17,1
10,97,1,,1
0,98,4;5;6;7;8;9,4:5;4:9;5:4;5:6;6:5;6:7;7:6;7:8;8:7;8:9;9:4;9:8,0
1,98,3;4;9;10;11,3:4;3:11;4:3;4:9;9:4;9:10;10:9;10:11;11:3;11:10,0
2,98,12;13;14;15;16;17,12:13;12:17;13:12;13:14;14:13;14:15;15:14;15:16;16:15;16:17;17:12;17:16,0
3,98,18;19;20;21;22,18:19;18:22;19:18;19:20;20:19;20:21;21:20;21:22;22:18;22:21,0
4,98,0;1,0:1;1:0,1
5,98,1;2,1:2;2:1,1
6,98,1;18,1:18;18:1,1
7,98,2;3,2:3;3:2,1
8,98,11;12,11:12;12:11,1
9,98,1,,1
0,99,2;3;4;5;23;24,2:3;2:24;3:2;3:4;4:3;4:5;5:4;5:23;23:5;23:24;24:2;24:23,0
1,99,9;10;11;12;21;22,9:10;9:22;10:9;10:11;11:10;11:12;12:11;12:21;21:12;21:22;22:9;22:21,0
2,99,13;14;15;16;17;19,13:14;13:19;14:13;14:15;15:14;15:16;16:15;16:17;17:16;17:19;19:13;19:17,0
3,99,12;13;19;20;21,12:13;12:21;13:12;13:19;19:13;19:20;20:19;20:21;21:12;21:20,0
4,99,0;1,0:1;1:0,1
5,99,1;2,1:2;2:1,1
6,99,5;6,5:6;6:5,1
7,99,6;7,6:7;7:6,1
8,99,7;8,7:8;8:7,1
9,99,8;9,8:9;9:8,1
10,99,17;18,17:18;18:17,1
11,99,24;25,24:25;25:24,1
12,99,25;26,25:26;26:25,1
