personid,mailid
4,0
1,0
4,19
1,19
4,55
1,55
8,79
1,79
4,95
1,95
2,163
1,163
2,215
1,215
7,731
9,731
8,737
6,737
8,741
6,741
2,851
7,851
9,851
8,851
6,851
3,851
1,1348
4,1348
1,2309
2,2309
8,2309
1,2341
2,2341
8,2341
1,2350
2,2350
8,2350
2,2359
8,2359
1,2359
4,3478
1,3478
1,3854
4,3854
4,3890
1,3890
4,3891
1,3891
4,3894
1,3894
4,3895
1,3895
4,3896
1,3896
4,3898
1,3898
4,3901
1,3901
4,3906
1,3906
4,3911
1,3911
4,3912
1,3912
4,3913
1,3913
4,3916
1,3916
4,3919
1,3919
4,3922
1,3922
4,3926
1,3926
4,3931
1,3931
4,3932
1,3932
1,3944
4,3944
4,5551
1,5551
4,5568
1,5568
2,5708
3,5708
2,5718
3,5718
2,5793
3,5793
8,5793
2,5812
8,5812
2,5822
8,5822
2,5841
8,5841
2,5946
1,5946
8,5958
1,5958
2,6012
8,6012
1,6012
2,6041
9,6041
8,6041
1,6041
2,6176
7,6176
8,6176
3,6176
6,6312
1,6312
2,6668
8,6668
1,6668
2,6858
9,6858
1,6983
2,6983
2,6986
1,6986
2,6990
1,6990
1,6991
2,6991
1,6995
2,6995
2,6999
1,6999
2,7014
1,7014
4,8004
6,8004
2,9253
1,9253
2,9255
1,9255
