id,source,target,edge_feature
0,0,1,2.585901197102998
1,0,2,2.171545672046131
2,0,3,0.807392268116095
3,0,4,4.3568155818928975
4,0,5,0.38803544247209665
5,0,6,4.702972273912042
6,0,7,3.0148620718715806
7,0,8,4.32175132737319
8,0,9,0.6120161177518474
9,0,10,0.30125513623094125
10,0,11,0.1456254242006838
11,0,12,2.7937181949358085
12,0,13,2.8265849945619665
13,0,14,0.7552885947593507
14,0,15,0.2742767946558994
15,0,16,3.6864145020963797
16,0,17,1.2529287248383458
17,0,18,0.6980900160787001
18,0,19,2.9349987932714363
19,0,20,3.7034838770671143
20,0,24,0.643754766917814
21,0,26,2.431352071184954
22,0,27,1.3284711189108749
23,0,28,0.6011510501863271
24,0,29,3.547302497515456
25,0,30,2.6655387654570344
26,0,31,4.830571529304155
27,0,32,3.628817628602073
28,0,34,0.03914213038316017
29,0,37,2.0102717630931934
30,0,46,0.04994470610638346
31,0,48,2.6158230428644607
32,0,52,0.10000643351535055
33,0,56,1.2815085676732219
34,0,58,1.4439666891897118
35,0,61,2.7821064593576312
36,0,64,2.763080346621674
37,0,70,1.079108282341927
38,0,72,2.3367212903932506
39,0,73,4.674616935418317
40,0,74,4.5023033507282175
41,0,75,1.4026271790498213
42,0,77,0.5019927856682088
43,0,79,3.178628423960135
44,0,81,3.3939661340838483
45,0,82,1.0293915290070166
46,0,83,0.8890802815701054
47,0,84,3.4539960696768923
48,0,87,4.517599372589325
49,0,99,2.9067617721823904
50,0,102,0.8891029785348309
51,0,109,2.9776505513847846
52,0,110,1.717298538872657
53,0,111,1.8583219518670253
54,0,117,1.1975868252820876
55,0,118,2.2897583444553895
56,0,121,1.5860967306109663
57,0,128,3.1309755588413117
58,0,131,2.225255693641258
59,0,138,3.814947442443003
60,0,139,2.310930475591937
69,1,11,4.185354828123788
70,1,12,0.44371995032991274
71,1,13,0.3021659614244149
72,1,14,0.792864296557016
73,1,16,0.8176818903713851
74,1,17,4.790773298464837
75,1,18,2.7517810520366037
76,1,19,3.9190843915404545
77,1,21,2.4715300575464245
78,1,23,1.560003972310649
79,1,24,3.4294075085336972
80,1,25,1.1948395646364522
81,1,26,2.398732210947259
82,1,32,0.9255298048242455
83,1,33,3.7090356863609903
84,1,36,1.8848696827387523
85,1,41,3.5196115242261827
86,1,42,0.60429003916326
87,1,46,3.3141551605998725
88,1,47,2.3487949502282115
89,1,48,3.938492595095184
90,1,50,2.5679861554075907
91,1,56,2.665066865721371
92,1,57,0.07183161271936689
93,1,59,2.791993712499188
94,1,61,2.009802660703767
95,1,64,4.338729310465635
96,1,71,2.1120469575370606
97,1,76,4.7691430209851635
98,1,79,2.7163407444099805
99,1,82,1.9699540262822246
100,1,92,2.8215752744395806
101,1,98,3.442587089219775
102,1,101,0.05501606671528492
103,1,103,0.7188599169348214
104,1,105,1.2698251686458755
105,1,115,1.2842722748409996
106,1,120,4.92744815894434
107,1,121,4.416963620219861
108,1,124,3.2779403831482417
109,1,126,3.1536165169011103
110,1,128,0.7223435421043067
111,1,130,2.2831524242122363
112,1,138,2.3947774304238667
117,2,11,1.676860879324128
118,2,12,4.903510493884829
119,2,26,0.719277240288051
120,2,39,1.374004265965703
121,2,46,2.5567131548900384
122,2,55,3.683975209265846
124,3,11,3.4081491905704504
125,3,12,2.430718649734533
126,3,13,2.1697207410353903
127,3,14,3.6348812319094788
128,3,15,0.14590943136368661
129,3,16,1.3530208008547084
130,3,17,4.704442984414201
131,3,18,1.1516093744122435
132,3,19,2.33049059480692
133,3,20,4.669792885123525
134,3,23,0.6095884259691808
135,3,24,0.7552276157979437
136,3,25,3.457456541632231
137,3,28,4.521654001949042
138,3,30,1.0516992063180681
139,3,31,4.492797745182554
140,3,33,4.187939382942369
141,3,34,3.196299211192364
142,3,35,3.255872283157365
143,3,36,0.21508656423407546
144,3,37,1.862427623728089
145,3,43,0.7440569742091446
146,3,44,1.227731148037627
147,3,47,2.0684115421776856
148,3,50,2.558205074512717
149,3,56,3.1200918284227193
150,3,69,3.341408870302759
151,3,108,1.5476825034783133
152,3,109,2.2585794101099914
153,3,116,2.0369420645962526
154,3,126,0.8755117086121145
155,3,133,3.0777392142007196
156,3,134,4.465197555344252
157,3,139,2.2351253050563247
158,3,140,2.026828254379836
159,3,145,2.792431056271238
163,4,11,0.07992286343225463
164,4,12,4.047953120440207
165,4,13,0.602927553250045
166,4,14,2.538497705494389
167,4,16,1.462847050201776
168,4,20,0.11178710181969864
169,4,21,4.424202770428146
170,4,22,2.7444982353032965
171,4,27,3.2991491180308428
172,4,31,0.47271050872666476
173,4,32,3.5847235851145816
174,4,43,1.5970865791252842
175,4,47,0.9437490851536678
176,4,48,4.031774555380726
177,4,49,3.789627813337089
178,4,55,4.305936891388815
179,4,57,1.0651727952497487
180,4,60,3.768817771833473
181,4,62,4.745099164078347
182,4,72,3.107122028407084
183,4,74,3.918814986072997
184,4,82,1.0707278168897905
185,4,85,4.612119560321984
186,4,87,1.3252345506774788
187,4,108,3.3516935686065574
188,4,114,4.921058705378592
189,4,117,1.3470424034257085
190,4,118,2.557682711817221
191,4,119,3.9820644835721666
192,4,123,2.7215103382492023
193,4,136,4.391992612414516
204,5,11,2.9063116734868366
205,5,12,2.556424181882489
206,5,13,2.2524914116321715
207,5,14,0.37254248665683665
208,5,15,2.5995856823430414
209,5,16,1.3018893033207246
210,5,18,2.456553136667914
211,5,21,4.819819897679483
212,5,22,0.5163872974487438
213,5,23,1.2022143092993192
214,5,27,0.9321188652160822
215,5,32,3.092594608786994
216,5,38,3.780914485992151
217,5,39,1.220879671349554
218,5,40,1.4624675527286835
219,5,42,4.166409384905655
220,5,43,2.176137021199751
221,5,46,3.028370062749712
222,5,48,1.085997679060882
223,5,51,1.4903250215302806
224,5,53,0.3254114754413029
225,5,58,3.4688794492459714
226,5,59,0.507301885032872
227,5,60,2.969140385600651
228,5,66,3.602274714444901
229,5,77,0.5945848621254157
230,5,80,1.3834450981410558
231,5,82,2.757365795939098
232,5,87,2.886636060507989
233,5,98,2.8661693745206955
234,5,103,4.939265442313674
235,5,117,1.0084524994697581
236,5,118,2.797227914160901
237,5,122,3.991715534957012
238,5,123,1.153162403370609
239,5,143,1.350510453281366
243,6,11,4.733544635013606
244,6,12,3.431404774751628
245,6,13,1.6372630332267564
246,6,14,0.35744278065814816
247,6,15,2.1758183218199196
248,6,16,0.9521519217209495
249,6,17,4.64516034869395
250,6,28,2.906790621779034
251,6,30,3.4469466852364854
252,6,31,1.0106768886864974
253,6,35,0.2909002264218191
254,6,37,1.226255510553147
255,6,55,3.0649832419913143
256,6,81,2.276246173825427
257,6,105,2.590744583100201
258,6,111,0.32305143917280177
259,6,118,4.4882711228269265
260,6,119,4.027640211597375
261,6,125,3.5725791618278464
262,6,130,0.16984735247298877
263,6,143,2.892173556058893
264,6,149,4.430759911745308
268,7,11,0.03059801728832412
269,7,12,2.958740947849407
270,7,13,1.281346741005458
271,7,16,3.1041148928038975
272,7,17,1.1579270483666049
273,7,18,4.4229883493418125
274,7,20,3.099413024701041
275,7,24,1.3409762669277658
276,7,25,0.2707453588725556
277,7,29,2.1478182689081713
278,7,30,2.0856869216156664
279,7,31,0.9680873443680893
280,7,33,1.0144307788664446
281,7,34,2.385720464142072
282,7,35,0.49014500052977306
283,7,36,1.3936313220131502
284,7,41,0.2392310340812881
285,7,45,3.721280218941669
286,7,49,2.1271247999939025
287,7,51,2.9847709442704002
288,7,54,1.570565728120414
289,7,58,1.5644454052306593
290,7,60,1.5634783240745675
291,7,69,1.8887933384298694
292,7,71,3.1286172150977434
293,7,72,0.287888423379275
294,7,75,2.519014093844229
295,7,88,3.430990694920321
296,7,95,2.058216043710448
297,7,102,1.8884019200544866
298,7,109,4.271049985008892
299,7,112,3.1187259113841845
300,7,122,3.4265594535726454
301,7,123,4.777024497532945
302,7,130,1.3844228075783527
303,7,132,3.6868077583153154
304,7,147,4.4465369205095575
315,8,11,2.3448458640304044
316,8,12,0.3061702268909622
317,8,14,2.2742681490210757
318,8,15,3.07667175515328
319,8,18,2.037274969122177
320,8,22,2.0855856121041256
321,8,28,3.792422317868762
322,8,30,2.432063849831981
323,8,37,0.3539586916018794
324,8,48,3.3053864632253567
325,8,64,3.355958639486711
326,8,66,3.993529957919975
327,8,67,1.7511896093989066
328,8,68,0.20625131274608244
329,8,101,4.864841076942009
330,8,123,3.0262849721533973
331,8,131,2.158853821067005
332,8,146,0.7642596229611126
334,9,17,0.9514919922298154
335,9,20,2.6405421112211096
336,9,23,2.95806679526574
337,9,27,3.1549625271642263
338,9,29,3.1357632127687225
339,9,44,4.809036182527312
340,9,45,2.9884004696930226
341,9,63,3.8798961228715303
342,9,73,2.441951831294344
343,9,106,4.54739878615395
344,9,117,1.7232532801208345
345,9,146,3.1674713863510737
347,10,11,2.676406523058148
348,10,13,2.6800269690483827
349,10,14,0.7295747217148618
350,10,15,2.676808346429389
351,10,18,2.3659548666550916
352,10,20,2.3291705127391276
353,10,21,1.444835586124305
354,10,22,4.393380610205716
355,10,26,1.607315610388949
356,10,38,0.5215162093460424
357,10,43,0.2832891519324293
358,10,58,3.402625949280587
359,10,69,2.1288680897934724
360,10,93,2.7232253981771413
361,10,104,2.0614412952437204
362,10,108,3.3455642796653695
363,10,121,4.013427773553934
364,10,127,2.221345205112304
365,10,133,0.8647923319145651
366,10,144,0.3489352946955643
367,10,148,1.3363477531806434
372,11,12,2.708167075152227
373,11,13,1.1851992292067575
374,11,15,2.3877697441336343
375,11,19,1.1168692009699606
376,11,20,3.3428923901875907
377,11,21,0.6923175883384386
378,11,22,0.32044094994219285
379,11,23,3.8256876664701007
380,11,24,0.19025727045792473
381,11,25,2.4473982024066614
382,11,26,3.678352333484946
383,11,28,3.0697347971966185
384,11,29,3.2251266533139225
385,11,30,0.5632248722680511
386,11,33,1.1056338089920343
387,11,34,4.537467031889043
388,11,37,2.141852949047309
389,11,50,2.249911276670016
390,11,51,4.910189766865493
391,11,53,1.305880252913409
392,11,55,4.111163144932114
393,11,58,3.692759774167177
394,11,59,1.177165262904245
395,11,64,3.622256258628616
396,11,65,1.5451094689696754
397,11,67,2.907153140403003
398,11,71,1.8969852465768882
399,11,72,3.9691440455218934
400,11,73,0.3626308057561234
401,11,75,2.235723641884435
402,11,81,0.3996267048167035
403,11,84,1.8942965025619685
404,11,92,4.367342599994778
405,11,93,3.575516730969798
406,11,104,3.394568596733316
407,11,106,0.7577389210608443
408,11,112,0.17770427327173322
409,11,126,2.2182681756284
410,11,127,4.035615463208615
411,11,130,3.5543206966856027
412,11,132,0.8988325776771455
413,11,135,1.9634981911738614
414,11,137,3.3113923116731225
415,11,141,3.888500842795305
416,11,145,2.2817669932970808
417,11,146,3.3589525420350337
418,11,148,3.1750371197736045
431,12,13,0.7187632139271022
432,12,14,0.7001994375453813
433,12,15,1.2197604639656512
434,12,16,4.108232484962579
435,12,17,4.6495383141811715
436,12,19,3.0087778063357917
437,12,20,3.3290010197483584
438,12,21,1.9467383080719287
439,12,24,0.21360881221715478
440,12,25,0.5983238600736218
441,12,26,1.8291604278071376
442,12,27,4.828506085509044
443,12,30,2.3422498438094506
444,12,34,1.8501537104900128
445,12,36,2.8298699226829
446,12,41,3.549164581108686
447,12,42,4.242816420003757
448,12,45,2.343873289103813
449,12,46,2.691328093911029
450,12,49,4.2108777343690855
451,12,51,0.8379117939181602
452,12,54,3.0034660230764625
453,12,60,4.072485269970411
454,12,61,2.9750923246441423
455,12,70,2.37163927093863
456,12,71,1.5064271435779224
457,12,73,1.4718892918175936
458,12,74,0.13186630052392012
459,12,88,0.5938448039422745
460,12,91,3.145482297101698
461,12,100,4.787076946833765
462,12,105,4.814690396143274
463,12,116,3.358300425586214
464,12,119,3.0714300522052778
465,12,123,3.7602850918108484
466,12,126,0.10445024645955203
467,12,128,1.1590239168341276
468,12,135,3.308009999471743
469,12,136,4.745076923213041
470,12,137,4.221741672521649
471,12,138,3.1163250590511304
472,12,142,3.60799675246818
481,13,14,4.195956970684847
482,13,15,3.9899917844305284
483,13,16,2.636157100173126
484,13,17,0.7524148316289886
485,13,18,0.6033850862711226
486,13,20,0.7572875525081108
487,13,22,4.547020207624547
488,13,24,1.7086965906149638
489,13,25,2.005214302232891
490,13,30,4.864698545953147
491,13,32,2.1739327822681354
492,13,33,4.482765852611878
493,13,35,4.296872674561644
494,13,37,2.9831894062151223
495,13,38,0.10123443445169522
496,13,39,4.714154085976495
497,13,41,3.0182686736341315
498,13,43,0.5929595078004796
499,13,45,2.397962926222852
500,13,47,2.3212176949392345
501,13,50,1.2003461602579457
502,13,51,2.9376604287889885
503,13,52,4.867182485969828
504,13,53,0.46672356061545794
505,13,54,0.05455263273078437
506,13,60,0.6123284658042993
507,13,61,4.0457004702473505
508,13,62,1.5001889630996228
509,13,70,0.06550126126654787
510,13,80,3.7790714977957496
511,13,86,0.039353861265652434
512,13,90,0.49806949689622515
513,13,91,3.9270985663907716
514,13,92,2.6855033325207645
515,13,95,0.6785179734217661
516,13,100,4.67109344246207
517,13,102,0.1525122206834978
518,13,107,3.358787776261616
519,13,113,0.49274435110868986
520,13,125,4.574936537281531
521,13,131,0.795911135300586
522,13,132,3.006462669883685
523,13,144,0.35723661220276315
524,13,148,4.192875288471068
537,14,15,3.0982520576681933
538,14,16,4.076618959962771
539,14,17,1.0928927153381522
540,14,19,1.4268893556134725
541,14,20,0.7715707743672962
542,14,21,2.8597910745029944
543,14,23,1.4072233192901273
544,14,25,2.2097486779788653
545,14,28,1.0384953504470007
546,14,32,2.01258881661259
547,14,33,0.21138884432988614
548,14,35,2.2217981126786928
549,14,36,0.8595474123573299
550,14,38,4.871279302728388
551,14,44,0.870422549450412
552,14,49,1.2676645013649952
553,14,50,4.746826630711862
554,14,54,1.7360579632092739
555,14,57,2.9484803324507576
556,14,62,3.2151119609218064
557,14,63,2.2427455167156256
558,14,66,1.715028588802121
559,14,72,1.6230649654776752
560,14,80,4.619353193766326
561,14,82,3.910219267105382
562,14,90,3.292067038437016
563,14,97,4.061200136996732
564,14,98,3.4668839314066835
565,14,100,1.7275987266197212
566,14,105,3.7244094430719827
567,14,106,3.3078512786714183
568,14,110,3.547364772420857
569,14,117,1.2144453678646816
570,14,131,4.956536800327101
571,14,136,1.0736342657586033
572,14,137,4.13689660321496
573,14,149,1.6494011818846115
578,15,17,4.100789358803741
579,15,19,1.8870226242154158
580,15,21,3.7006684658778752
581,15,22,1.470839099516588
582,15,27,0.36190388133335083
583,15,28,4.690373270989274
584,15,29,3.3731512855710983
585,15,34,4.9852925292189445
586,15,36,3.0613668350865195
587,15,37,4.915076363882513
588,15,40,0.6504194878483671
589,15,44,0.2178555360035206
590,15,45,4.785496029048135
591,15,47,4.289748815042331
592,15,50,3.0148452767850187
593,15,51,2.778339283656821
594,15,52,1.592155118256875
595,15,57,3.5937496613434567
596,15,64,0.15288505144355868
597,15,65,2.195547267149156
598,15,69,3.6989397921073985
599,15,74,1.4647001638327906
600,15,75,4.880653673300771
601,15,77,0.10455404636999177
602,15,85,0.07081341486732284
603,15,87,2.9862988850770305
604,15,88,0.05421448431544185
605,15,89,4.006238453234631
606,15,90,0.7176789196371486
607,15,96,4.843002364361483
608,15,103,4.5245540293922195
609,15,104,1.5302036816662667
610,15,105,4.641918249626488
611,15,111,0.8339868545146772
612,15,112,2.9710033879820106
613,15,121,1.0772053993456698
614,15,128,0.021400969520145585
615,15,136,3.8079033174104633
616,15,140,0.49350482046572386
617,15,141,2.031505443931936
618,15,143,2.6105719910162533
626,16,18,1.0875834482986684
627,16,19,4.694050463380559
628,16,21,1.9421584942227503
629,16,22,2.3872833003126632
630,16,26,4.113251598671172
631,16,27,1.9091093173193452
632,16,28,2.514637246700653
633,16,29,3.6767768399757768
634,16,33,1.0514593732563893
635,16,35,0.08611963411163936
636,16,36,3.6791036640506567
637,16,40,3.698020808203768
638,16,42,0.8784395872639289
639,16,46,1.119384091226892
640,16,50,0.7530562365412968
641,16,55,0.7677006189057045
642,16,56,0.009654600625904064
643,16,58,4.6358525814666365
644,16,68,1.737922970034636
645,16,70,2.516196699244502
646,16,75,1.3332697976538639
647,16,76,3.806720080799249
648,16,77,2.6316140527404057
649,16,86,1.2058183919264376
650,16,87,2.6570502453686533
651,16,89,2.0178337124348382
652,16,94,3.281045526969976
653,16,108,3.3238713770764674
654,16,109,0.19907252921703977
655,16,110,1.3126546255308569
656,16,119,2.3296916324224397
657,16,135,0.07037251410999645
658,16,136,0.17240604651045766
659,16,139,2.6909507592668014
660,16,140,3.0003855470865664
661,16,148,1.8660901633337152
673,17,18,4.498999920904855
674,17,19,4.273100903922385
675,17,21,3.56560150883284
676,17,23,0.5334568677881851
677,17,24,3.289667526664768
678,17,27,1.2839444948914953
679,17,29,0.6085900420446289
680,17,39,3.13781322642921
681,17,41,1.936778170860468
682,17,45,1.3279924798249594
683,17,48,4.071003592856616
684,17,57,0.07828862294733618
685,17,61,3.7171080641395378
686,17,62,2.9850266735613475
687,17,66,0.09599282823143873
688,17,68,0.8887956247229328
689,17,72,2.5618506081579975
690,17,77,2.3042388489869396
691,17,78,4.525960400109039
692,17,96,0.5949530937292852
693,17,101,4.10804291396161
694,17,105,0.04560948924089314
695,17,110,4.467210974421937
696,17,120,0.2734182506177185
697,17,121,2.39221770446399
698,17,149,0.9061868652798699
704,18,19,4.295492967190352
705,18,23,2.908026855675146
706,18,25,4.452777795986441
707,18,27,4.256436330729319
708,18,28,1.3129328824883535
709,18,31,4.5495640926286445
710,18,32,0.5499338233019097
711,18,33,2.1794453597383354
712,18,34,2.126437370865127
713,18,37,2.6146609019133358
714,18,40,0.9384373656698514
715,18,45,3.358759905416621
716,18,53,0.7258030864465564
717,18,54,0.9497376815780528
718,18,61,4.999043307956442
719,18,67,1.5216807912405312
720,18,74,4.176991445877458
721,18,92,2.4841780980187362
722,18,95,1.6139825113748052
723,18,97,4.6520360954826785
724,18,100,1.4911380111644372
725,18,102,0.33401965730569194
726,18,103,2.9639670599783456
727,18,106,0.19623098314482612
728,18,115,1.5701245631527783
729,18,124,0.8368533109122428
730,18,147,1.7033127487989548
731,18,148,2.5528528495105975
738,19,22,3.7361060197218965
739,19,23,2.949026062262743
740,19,27,0.6283005111296397
741,19,29,1.1373679299647776
742,19,31,4.647771197258662
743,19,33,1.5776834766389154
744,19,37,1.6180857369867492
745,19,38,2.011726170404344
746,19,39,0.08455003691344332
747,19,41,3.6032327235682127
748,19,42,1.9703805921211826
749,19,47,1.8977317375503238
750,19,48,2.3762162309405754
751,19,52,4.509478594092481
752,19,53,2.9780721750750234
753,19,63,1.6705605225262872
754,19,65,2.175449517523151
755,19,68,2.7651540597978315
756,19,75,1.408956295526262
757,19,76,3.1738324849074377
758,19,82,1.8310255305360834
759,19,83,3.4036748606506717
760,19,86,2.995056398678135
761,19,93,3.0830123267322707
762,19,120,1.6373936211672224
763,19,124,3.07046537156522
764,19,129,4.30820868935519
765,19,130,2.161486684691827
766,19,141,1.825771549331029
772,20,24,4.686516909224908
773,20,26,0.4048617359855
774,20,35,3.25820360515741
775,20,42,2.8051521127893615
776,20,46,3.1557914764999295
777,20,50,1.163005371691093
778,20,53,2.6786125525407627
779,20,56,2.1516267135432092
780,20,57,1.5148768883545283
781,20,62,2.4464295016772386
782,20,65,3.267290608895435
783,20,68,0.6095025085530947
784,20,70,0.573526232969811
785,20,73,3.8233897303671514
786,20,76,2.589070312016034
787,20,80,4.582468400076655
788,20,98,2.3238965352970418
789,20,115,1.580756365671454
790,20,116,1.4403422900407787
791,20,125,2.6111254732732547
792,20,127,0.4144740812664949
793,20,134,4.551074931976606
794,20,138,4.674714573737858
795,20,147,2.8604703223821533
796,20,149,0.3854144280280175
799,21,22,3.493885901986284
800,21,26,3.1452815035408004
801,21,32,4.498152500018382
802,21,37,4.657397678983032
803,21,49,0.9114342883029591
804,21,52,1.3472984838562714
805,21,56,0.6346985883265854
806,21,58,1.908587130146691
807,21,69,4.456709311139638
808,21,73,1.618443945100116
809,21,133,0.08755451926405589
814,22,23,3.359620219501961
815,22,28,4.854998653096342
816,22,29,3.093365902427517
817,22,31,4.362203319934295
818,22,46,3.7789823541821854
819,22,48,0.9237939212868551
820,22,51,4.8201029320849695
821,22,56,2.7975320673983624
822,22,61,2.0260670500677214
823,22,62,3.5939139916512857
824,22,65,2.4155012364369077
825,22,69,2.5089684176604026
826,22,73,1.3707693456418353
827,22,78,0.3882324768964929
828,22,92,2.513430721904857
829,22,107,0.9919339027903318
830,22,113,4.172217777064333
831,22,115,1.4160161685301909
832,22,117,0.8198457250219049
833,22,118,0.43052695950759445
834,22,128,3.5763215618717186
835,22,129,1.1777533115521859
836,22,135,1.826587713092827
842,23,24,2.940228549964507
843,23,25,0.5769116339435043
844,23,26,1.50580275275224
845,23,32,4.91158977966505
846,23,35,3.6386958620810512
847,23,36,0.27714225955232263
848,23,38,0.3694634136478453
849,23,40,0.39513538423248784
850,23,41,3.5705236332271055
851,23,45,1.7478225190172796
852,23,47,4.052909693616677
853,23,49,3.2578821433269707
854,23,52,0.2474181796501207
855,23,54,3.9771470764021215
856,23,55,3.1108765589449723
857,23,76,0.7359827030137334
858,23,79,0.052743197637575845
859,23,90,3.4701431144780908
860,23,94,0.7971907715247123
861,23,111,3.2735671211346578
862,23,113,4.658876628467316
863,23,115,4.763646284972178
864,23,119,3.9674851193773044
865,23,133,0.25317733733876413
866,23,134,1.0780653068085417
867,23,139,3.943187734279705
868,23,140,4.804124742636931
869,23,147,0.6879923332698984
877,24,25,4.433951743790428
878,24,29,2.7568996750902786
879,24,34,0.6094500427861776
880,24,39,3.703783511479672
881,24,41,0.12917122465744113
882,24,45,0.21678977563374557
883,24,53,1.1871029451002302
884,24,54,1.4115389556782743
885,24,55,2.6653300674769946
886,24,56,2.3910757062895054
887,24,63,2.572390399025984
888,24,65,2.533264678964529
889,24,77,0.31661712111510476
890,24,79,2.920403698600753
891,24,85,3.5828690839412887
892,24,91,2.5022508665249337
893,24,104,4.553124287091437
894,24,113,3.815178054171736
895,24,114,4.000165671673287
896,24,127,3.0879218486434
897,24,148,4.775617240837167
902,25,30,1.0322417403062767
903,25,34,3.0556835502652753
904,25,35,3.5503086914113684
905,25,36,3.720004699776462
906,25,43,4.271314997297703
907,25,49,3.7824173630810436
908,25,51,4.748883140987508
909,25,64,3.980148888202945
910,25,69,3.7184090535067944
911,25,75,1.527691453556523
912,25,84,1.3895205822808228
913,25,87,0.0028532071725195784
914,25,93,1.3390747046280875
915,25,98,1.6694369066307135
916,25,114,1.7316300385508687
917,25,120,3.3143342608556843
918,25,130,3.506875373424271
919,25,146,3.5775890695787753
923,26,35,3.3873409388454845
924,26,39,4.508766975127258
925,26,40,3.3057889287561397
926,26,62,2.2396156739944044
927,26,66,3.3890428443380523
928,26,88,3.9281193409727484
929,26,114,3.2108825441439577
930,26,133,1.3546215138682665
931,26,137,3.4193769261910467
932,26,149,1.6939074912227636
940,27,33,0.9990645386846109
941,27,36,3.390757625897386
942,27,38,1.3108473907180458
943,27,39,4.156501109544876
944,27,40,2.114418933197095
945,27,48,0.8124452363221418
946,27,49,3.3831990750927776
947,27,53,0.12099434384733931
948,27,60,2.390296926303109
949,27,63,2.7106400387777194
950,27,73,0.4962051244948934
951,27,122,0.5878302271978741
952,27,132,2.872712892949065
957,28,30,3.873040825270724
958,28,31,3.5250017654636467
959,28,38,2.881507250822797
960,28,40,3.9081843405631087
961,28,48,4.537874639677249
962,28,60,2.7914404548200973
963,28,64,3.846193628919268
964,28,67,0.1484830179167268
965,28,68,1.7806021007307438
966,28,70,0.7829007224969969
967,28,74,0.46560546625580235
968,28,76,0.6335681859527142
969,28,78,1.5956428907430493
970,28,85,4.4426958568798725
971,28,91,4.095714828797721
972,28,95,1.135564865440975
973,28,113,3.605250953204523
974,28,138,2.767206854394415
979,29,67,2.5228153167116907
980,29,68,4.221910887440917
981,29,84,0.09472092241733454
982,29,89,4.336596641512226
983,29,130,1.7187750728110873
987,30,31,2.7837361689107554
988,30,32,4.283040930327328
989,30,42,0.2939313199293775
990,30,44,3.176417672594922
991,30,46,4.786889370359928
992,30,50,3.024995270526227
993,30,53,1.7974503011499054
994,30,59,3.0529217548825534
995,30,65,2.9647806403037453
996,30,69,1.6645534925626109
997,30,70,2.2168514483951847
998,30,72,1.3391496270161551
999,30,78,1.2935684359023019
1000,30,83,0.3368464452597614
1001,30,94,4.440091885265746
1002,30,99,0.9806630256397264
1003,30,114,1.8483377481672747
1004,30,144,3.710911122547847
1005,30,149,0.08379238326895133
1008,31,34,2.5953946332096716
1009,31,39,2.6833996995201064
1010,31,40,2.8797920901356044
1011,31,42,1.812158001958823
1012,31,44,2.3029030424773196
1013,31,54,1.3168707664027628
1014,31,59,4.4959882289969935
1015,31,63,1.386074074509191
1016,31,81,0.6172484178247117
1017,31,85,0.9228147550333066
1018,31,91,1.1893109290113717
1019,31,92,2.050355043885666
1020,31,97,4.317662361175362
1021,31,108,2.6369122033967245
1022,31,110,2.8862697302190288
1023,31,116,2.1243477307391316
1024,31,118,0.9048165721030377
1025,31,122,2.0628462748463745
1026,31,127,3.425660272785404
1027,31,140,2.868729497055835
1028,31,145,1.7770333843898622
1035,32,55,0.3258946453988404
1036,32,62,2.4945994008303014
1037,32,74,3.51645038045421
1038,32,79,3.401184604870719
1039,32,81,0.07099433400019561
1040,32,83,4.023613077890696
1041,32,87,2.1270645285640466
1042,32,96,3.3060982980504776
1043,32,103,4.492542877753517
1044,32,112,0.742777074515546
1045,32,129,4.264632836258412
1046,32,137,0.7103326103363528
1051,33,38,0.6523344420007909
1052,33,41,0.12587551358512306
1053,33,43,2.1157341047017337
1054,33,50,1.3037193623215333
1055,33,53,2.016921633024425
1056,33,56,2.5955559287659025
1057,33,66,3.3031814831800914
1058,33,76,3.5927049430366043
1059,33,93,1.0746605304868733
1060,33,97,4.787773279218267
1061,33,107,1.3828403624415637
1062,33,112,4.069103733761408
1063,33,113,3.0177759725718434
1064,33,133,3.3938170365372256
1065,33,142,1.9578211768163878
1067,34,52,3.901717006655578
1068,34,58,2.09973808720082
1069,34,63,2.214235821947076
1070,34,67,2.41039026481569
1071,34,68,0.317193948344619
1072,34,85,4.573873101837889
1073,34,110,0.9574870597402696
1074,34,111,2.4329383051036357
1075,34,113,1.9663433217309267
1076,34,122,2.6856681618960416
1077,34,125,0.09647014907781581
1078,34,131,3.6307179116326918
1079,34,139,0.2437761662893101
1080,34,142,1.8288158090907354
1081,34,144,2.8252180180949873
1086,35,39,4.160495383441165
1087,35,65,3.2667318165055854
1088,35,66,0.3470479247116176
1089,35,68,4.290099541569286
1090,35,82,2.6849075999365333
1091,35,85,2.934761977328715
1092,35,99,4.789765858430551
1093,35,119,0.4890517573825248
1094,35,137,4.733224428952416
1095,35,138,3.084889702729022
1096,35,144,4.7794717004705785
1097,35,147,0.32043859412942466
1102,36,43,3.5090370575633765
1103,36,59,4.324004047460853
1104,36,60,4.213980762616273
1105,36,75,2.344445974463467
1106,36,77,2.142677259513945
1107,36,78,3.3760110188300056
1108,36,103,3.774295930223684
1109,36,115,3.9820200110140913
1110,36,118,3.419470538032836
1114,37,38,1.7894529126790337
1115,37,40,3.263168622310164
1116,37,41,2.2373981841813038
1117,37,42,1.410053200991765
1118,37,43,2.252162562351396
1119,37,46,4.322328689179449
1120,37,55,0.5287572280293001
1121,37,58,2.809859489682012
1122,37,59,2.7657692149348225
1123,37,60,4.771129332905258
1124,37,62,4.68037644925137
1125,37,72,3.6720142884119293
1126,37,82,4.715380858503655
1127,37,90,2.542458713898155
1128,37,94,2.422271693301315
1129,37,102,0.4009195047874192
1130,37,108,2.118831496863602
1131,37,119,0.7724190012099613
1132,37,121,4.856490880876385
1133,37,122,1.361169477989591
1134,37,129,3.406224779710674
1135,37,135,2.7831890662790846
1136,37,142,4.616950425932647
1137,37,145,0.5639007822843667
1142,38,52,2.068568019512145
1143,38,60,0.07275111729824757
1144,38,67,3.3587783110350093
1145,38,71,0.8657181448678286
1146,38,74,4.076514179327019
1147,38,77,0.07342200683774891
1148,38,82,2.6977219774200414
1149,38,112,3.505789938142577
1150,38,116,1.5383191882349712
1151,38,120,2.3127924922273273
1152,38,129,2.5015989321690584
1153,38,136,3.968914786457305
1157,39,43,4.075130662416144
1158,39,44,1.1259383469039368
1159,39,56,4.368147024629565
1160,39,66,1.705542637904622
1161,39,84,3.4082017328239838
1162,39,100,2.53585082971224
1163,39,102,1.8917332853435447
1164,39,105,1.424380108916925
1165,39,123,1.5051104171474194
1166,39,124,0.9236550664801674
1167,39,133,0.5577897144462562
1168,39,137,3.5536767848267266
1169,39,147,0.6659249826673569
1170,39,148,1.4691419519354565
1177,40,42,4.127418420393788
1178,40,44,2.055334935331336
1179,40,45,3.5690117199985396
1180,40,52,4.109596897619311
1181,40,57,0.8750149202705315
1182,40,61,0.3035999347609841
1183,40,67,3.420695707139903
1184,40,69,1.148757976986965
1185,40,71,0.31091568802959657
1186,40,82,3.4108171793691753
1187,40,83,4.933807085403404
1188,40,86,1.5546497324591573
1189,40,87,1.6496504265951466
1190,40,90,1.7415023485471686
1191,40,102,2.965569272943732
1192,40,113,4.48696387721148
1193,40,119,4.122674831418606
1194,40,123,0.30950643569909175
1195,40,127,2.4858186419288213
1196,40,131,0.314605573912376
1197,40,138,4.730089571404667
1203,41,44,0.62349517945329
1204,41,58,3.8866607405276548
1205,41,64,2.137073083770229
1206,41,70,4.033575974302258
1207,41,80,4.323289631324408
1208,41,88,4.6195616722273325
1209,41,95,4.176094855547388
1210,41,99,3.3724996985588565
1211,41,103,1.5162706774767398
1212,41,107,4.641042088283711
1213,41,109,3.0973733020694856
1214,41,126,3.14769379042962
1215,41,139,0.30482672315906234
1216,41,149,3.0901147838385565
1221,42,49,3.8598679971664156
1222,42,51,1.0822722968531133
1223,42,62,2.0410600666363905
1224,42,76,3.9794583641581474
1225,42,92,3.672425982967682
1226,42,93,0.7910980085217034
1227,42,96,1.6081571836743995
1228,42,100,2.8076699293738034
1229,42,102,1.2943517697859481
1230,42,106,2.6960790675499653
1231,42,117,0.6592514686764245
1232,42,124,4.608644381094618
1233,42,139,0.03926892768680135
1234,42,146,2.37157465628182
1237,43,44,1.2296587078288486
1238,43,47,4.3958011878300765
1239,43,65,2.7672851157076868
1240,43,71,4.51702141497587
1241,43,91,3.3792351922688213
1242,43,96,1.8668477853279064
1243,43,99,0.11004465334461977
1244,43,107,3.8830380115029595
1245,43,117,3.8991615198111362
1246,43,128,0.9166809516482027
1247,43,146,0.5055519725405111
1250,44,47,2.6433958838273814
1251,44,49,3.7163816237333043
1252,44,57,3.9452591026166095
1253,44,80,3.79916557292792
1254,44,81,3.854278577419507
1255,44,92,0.7597622716887387
1256,44,99,0.4028508585257956
1257,44,111,2.8456652588892433
1258,44,125,3.7351323491322495
1267,45,47,2.0792071237650274
1268,45,57,3.7807785340523403
1269,45,81,2.4205556348453623
1270,45,100,0.9921491739456695
1271,45,134,2.2597760390628245
1274,46,51,3.251356748048644
1275,46,59,3.149702654090263
1276,46,63,2.38488917507577
1277,46,74,1.192611181691769
1278,46,123,3.6776031814464867
1279,46,140,1.39280455489678
1280,46,141,2.365808287179904
1286,47,77,3.5102868017793516
1287,47,104,1.1955447221458377
1288,47,117,1.5441136179658193
1289,47,122,2.000305214902675
1290,47,123,2.1026736629769966
1291,47,132,3.8344937543533253
1296,48,75,0.9713082007230811
1297,48,83,1.071252017608018
1298,48,89,3.603712754684822
1299,48,90,2.173580295860001
1300,48,99,4.417891074124113
1301,48,107,0.09984724153534519
1307,49,54,4.9678860160763065
1308,49,59,1.0040835996696151
1309,49,63,0.9585286599122406
1310,49,72,0.5195726263931061
1311,49,86,2.2677240644959595
1312,49,91,4.158752010556692
1313,49,97,0.2444580287748127
1314,49,98,1.83396479628969
1315,49,101,2.552072981295042
1316,49,105,2.5636833277016535
1317,49,111,0.17963234595137156
1318,49,131,2.1978400548849693
1319,49,134,0.6388551743206428
1320,49,137,0.005996751210958218
1326,50,52,2.249656795019237
1327,50,57,3.0264310195934145
1328,50,63,3.0744027145431465
1329,50,77,0.49586358641254547
1330,50,81,1.8417249956478887
1331,50,86,1.4258215272954122
1332,50,87,1.6276108582097448
1333,50,88,1.3961521160423795
1334,50,94,1.0838937571822216
1335,50,98,3.5582335354338634
1336,50,99,2.5935885843772892
1337,50,112,1.2221893451546118
1338,50,118,4.619854217085177
1339,50,120,1.1539542914751082
1340,50,121,2.7611867060541657
1341,50,125,1.1026842618877264
1342,50,129,1.6023908105806095
1343,50,137,0.08267768450327506
1344,50,139,0.5792907190025975
1345,50,149,0.2596196734511891
1353,51,54,0.6311804369913132
1354,51,55,2.912151802248813
1355,51,72,0.08368610240420515
1356,51,94,1.6028270876931021
1357,51,103,1.8611507777686198
1358,51,115,3.446386375886922
1359,51,116,0.2994971715905975
1360,51,125,0.7688409992249795
1361,51,133,2.031455117684706
1362,51,147,0.649602802535228
1365,52,61,2.98426341448045
1366,52,64,4.231890767508929
1367,52,67,4.504986965072134
1368,52,78,2.6517808196178194
1369,52,85,0.8339190979613575
1370,52,91,2.5874238352926637
1371,52,100,3.587224155607582
1372,52,108,0.6072813875659039
1373,52,114,3.3054689591129405
1374,52,126,4.619753599168074
1375,52,131,3.159172441759387
1380,53,76,3.7260961282094485
1381,53,92,3.3660602576117427
1382,53,101,0.7304896892861273
1383,53,128,4.3895656263685705
1391,54,101,3.679545750929459
1392,54,114,2.6324675884864215
1394,55,64,1.0146594299713974
1395,55,70,1.0948163524114518
1399,56,67,3.4868291455683464
1400,56,95,4.127648023474098
1401,56,98,0.8891461571227322
1402,56,106,0.6179891768600909
1403,56,120,1.3636409577794262
1404,56,141,4.448914892628918
1405,56,148,2.3259032334
1407,57,59,1.9401236124006749
1408,57,66,1.534106985108667
1409,57,79,2.1597188631522624
1410,57,89,1.1153366596360748
1411,57,95,1.9794482363087655
1412,57,96,0.7665446363691419
1413,57,110,3.406177579456675
1415,58,115,0.23730501009021188
1416,58,129,2.915550052809327
1417,58,134,0.8974087932433167
1418,58,141,3.8539519114118503
1420,59,69,4.164436853904804
1421,59,80,3.5812770287363094
1422,59,84,1.568057320595921
1423,59,86,2.2719715913978273
1424,59,88,0.7629876750263687
1425,59,106,2.7593793523572563
1426,59,111,0.2540964996840517
1427,59,117,3.160717991881905
1428,59,141,4.964799331968408
1431,60,61,2.302399930676033
1432,60,68,4.531035222308862
1433,60,88,3.324303632468752
1434,60,90,1.268578448576274
1435,60,96,0.7748948364265151
1436,60,104,3.992645298798509
1437,60,108,0.018704526178519587
1438,60,132,1.452983993455244
1439,60,135,2.8689115148112703
1440,60,140,4.383708225896274
1443,61,66,3.0717899695069133
1444,61,71,1.3036996233868554
1445,61,79,4.637114548803648
1446,61,83,0.6143625979719741
1447,61,98,3.0960494746464096
1448,61,109,1.8553481710113662
1449,61,128,0.9156547063051834
1450,61,131,2.133094998673466
1451,61,135,2.7668004166640827
1452,61,143,2.1013981178193726
1456,62,73,0.13026207629553976
1457,62,78,1.176996620295398
1458,62,93,1.2024325256577362
1459,62,101,1.4095045054393407
1464,63,65,4.586641655065385
1465,63,74,4.830940333131666
1466,63,106,4.5969270622461496
1467,63,135,3.162426186929544
1468,64,70,4.383565413495351
1469,64,90,4.343162349766474
1470,64,93,4.364717483176681
1471,64,102,3.853864229028371
1472,64,142,4.499677416337614
1476,65,71,4.273072240112235
1477,65,78,3.1233975832007026
1478,65,83,0.08766783814853352
1479,65,99,3.4550445109605334
1480,65,142,2.318385362331916
1481,65,143,2.681070990869017
1484,66,73,0.6969753757596459
1485,66,76,2.136037501602149
1486,66,79,1.3223960638895738
1487,66,89,4.159853515937597
1488,66,93,0.20882076801673644
1489,66,106,2.7489919902236974
1490,66,109,4.468313346926506
1491,66,115,4.282707970174139
1492,66,136,3.049715302489445
1496,67,71,0.30602354177008184
1497,67,79,0.3393572009847118
1498,67,84,1.9951547468095965
1499,67,95,0.5172040340901068
1500,67,101,1.8964030246253731
1501,67,103,4.221912359335442
1502,67,109,3.0303961738553564
1503,67,113,4.872786685659466
1504,67,124,0.6481068834719345
1505,67,138,0.09779211292775147
1510,68,86,0.8643980490519465
1511,68,89,1.2457840406471226
1512,68,94,3.522999480867784
1513,68,96,2.079535905900485
1514,68,138,2.3377784545362705
1517,69,79,2.665799413096175
1518,69,80,4.942657024003431
1519,69,91,1.2745174111764483
1520,69,95,1.2464490146851341
1521,69,97,2.2622414983033243
1522,69,98,4.820205422182497
1523,69,101,2.6958885214555255
1524,69,114,2.583220503060108
1525,69,120,2.5073736391463997
1526,69,129,0.24634584489368339
1527,69,136,0.46535436184308443
1529,70,81,0.7408005903039899
1530,70,83,3.9053974258894626
1531,70,85,2.3003152467099506
1532,70,99,1.78754175674342
1533,70,122,0.3095460418821977
1536,71,139,3.1026536102278106
1540,72,75,1.402288168206614
1541,72,94,0.016746950133553762
1542,72,100,3.0362812992761947
1543,73,78,0.9817886123506558
1544,73,83,1.7191436798531368
1545,73,84,1.0397776300547323
1546,73,86,2.4558247537265263
1547,73,94,4.063025496904386
1548,73,96,1.5999219266857638
1549,73,104,2.412156459909121
1550,73,122,0.7317586376818835
1551,73,134,0.03684252416470468
1555,74,84,1.3026620719031112
1556,74,88,4.82090494633251
1557,74,114,0.3539698662118279
1558,74,139,2.5785152776645965
1559,74,149,2.6784973320162258
1561,75,78,0.9032517871634888
1562,75,90,3.941604247702716
1563,75,122,0.6829844028403009
1567,76,80,4.077841370883318
1568,76,89,2.595711191407779
1569,76,91,2.091638902679749
1570,76,96,0.8678249140221461
1571,76,97,0.5767346652781102
1572,76,116,1.9364090765511892
1573,76,121,2.067834353482146
1577,77,80,0.39277806831000794
1578,77,81,1.1648836602030832
1579,77,103,4.537991287157654
1580,77,110,4.12684459794395
1581,77,127,4.391476333546435
1582,77,130,1.1131392997445162
1583,77,141,4.474442892983263
1587,78,95,4.8021724045756375
1588,78,110,0.8665958562810688
1589,78,112,2.1426313540102324
1590,78,120,3.6195035155124162
1591,78,124,2.7345728696489333
1592,78,144,3.224500181017626
1596,79,94,4.4229694190598785
1597,79,112,1.2719411302223342
1598,79,125,1.8591954710766434
1599,79,138,3.3226864455630443
1600,79,142,4.91652227371012
1604,80,119,0.3096944921000422
1605,80,124,3.0977192962438753
1606,81,84,0.0112397514284851
1607,81,119,4.421913798224776
1608,82,85,4.0957542577144626
1609,82,86,3.121481812545684
1610,82,105,0.1843327412333312
1616,83,89,1.7799983802931907
1617,83,97,3.764055162396589
1618,83,121,0.869879627112673
1619,83,124,4.3792398702623885
1620,83,126,3.7321573370462446
1621,83,142,4.329186100130852
1622,83,148,2.9973561343019934
1624,84,107,3.153087173457653
1625,84,144,2.5120373214348164
1627,85,87,3.598048369163241
1628,85,108,4.115870975188188
1629,85,116,0.2244705522057966
1630,85,132,4.2230501243497205
1636,86,142,2.512803942307949
1637,86,143,4.666625805558487
1642,87,88,4.4543666041605166
1643,87,89,0.03648347074098224
1644,87,93,3.4462732103381404
1645,88,127,3.9564747127787476
1646,88,132,1.2314726068337722
1647,88,136,1.5045266419412962
1649,89,92,2.882771674355303
1650,89,135,1.4975868999588493
1651,89,144,2.540842650470049
1654,90,97,0.3838562752132646
1655,90,109,4.6303006821357
1656,90,116,2.0346908143377203
1658,91,104,2.0556524658047426
1659,91,107,2.432123063060869
1660,91,108,2.127648380030194
1661,91,118,2.0964108555620746
1662,91,127,4.947280590860838
1663,91,145,0.5345454644519609
1665,92,111,4.470361091062211
1667,93,105,2.363630608384903
1668,93,109,0.061174574188324615
1669,93,123,0.6089723911180273
1670,93,146,0.5243719674296876
1674,94,97,3.8744371585376163
1675,94,112,0.7207864207737213
1676,94,141,2.5691323496326763
1682,95,100,3.8927680916255007
1683,95,145,1.8099229388287914
1686,96,101,2.0658503740724377
1687,96,104,0.1332213682209954
1688,96,106,0.7298148186186604
1689,96,140,0.7696420553789773
1690,96,146,4.074229978040337
1694,97,102,2.1883986529205894
1695,97,110,4.6488804127099925
1696,97,141,0.2309734690077747
1697,98,104,4.609033154176052
1698,98,120,1.3698416835992366
1699,98,126,2.1292669417609873
1700,98,145,0.29612756391900696
1704,99,118,2.8769659621541352
1705,99,126,1.2419837640689702
1706,99,140,0.9613788499411097
1708,100,107,1.7929035743962811
1709,100,125,2.6628527184196455
1711,101,107,3.0461008090678616
1712,101,125,4.922343427949228
1714,102,128,2.395408375902235
1723,104,124,3.736601049247115
1726,105,111,0.03107101171089144
1727,105,132,1.5624572617844468
1730,106,144,3.3128656070581752
1732,107,116,0.2565682362747512
1733,107,137,3.492771987699152
1734,107,144,0.313105681685123
1735,108,126,4.43130062546406
1736,108,129,0.2400971378981076
1740,109,114,0.4388286314533568
1741,109,121,3.6070641505339447
1745,110,113,2.6956663012011832
1746,110,115,1.191746169585481
1747,110,134,1.458924556003347
1748,110,135,4.235704419025348
1755,111,130,0.23589846145185833
1762,113,140,4.613608982949264
1763,113,147,0.2764417873318914
1769,116,128,4.292080628069823
1774,118,132,3.2991213712717466
1775,118,146,1.933671269161807
1779,119,127,2.2132749307938218
1780,119,129,3.746236194710795
1781,119,133,3.2137989301002916
1785,120,143,1.5696334690839535
1786,121,146,2.7606220730526547
1787,121,147,3.9291789010433242
1789,123,145,2.8001572247738253
1792,124,134,2.6730540951707837
1793,124,145,3.689088253588598
1800,128,130,1.2867731213225975
1801,128,143,1.4143946227705402
1803,129,131,3.028800775868578
1804,129,134,2.4905004402266924
1807,130,133,0.38780711423908376
1812,131,143,3.448874998178219
1813,131,145,1.0902051580095025
1814,131,148,0.18128462906003784
1819,134,136,4.637449001353665
1822,136,142,3.3624249296477897
1823,137,143,1.943732862543583
1824,137,147,1.6985801413174062
1828,138,149,3.4302843781316312
