Person.id|Post.id|creationDate
8796093022357|137438953548|2010-11-04T05:58:56.377+0000
6597069766775|68719476827|2010-10-05T01:51:04.904+0000
73|68719476838|2010-07-05T12:12:22.141+0000
153|68719476838|2010-09-08T05:58:38.406+0000
4398046511220|68719476838|2010-07-26T00:04:03.854+0000
4398046511333|68719476838|2010-09-21T02:15:38.124+0000
6597069766753|68719476838|2010-10-09T00:33:12.063+0000
6597069766775|68719476838|2010-10-05T06:14:23.675+0000
8796093022248|68719476838|2010-11-18T18:08:00.413+0000
4398046511146|274877907055|2010-11-20T15:46:29.290+0000
4398046511146|274877907063|2010-11-18T22:16:16.550+0000
4398046511220|274877907063|2010-11-11T15:55:45.269+0000
4398046511333|274877907063|2010-10-10T06:52:25.971+0000
6597069766753|274877907063|2010-11-19T04:41:07.388+0000
2199023255629|137438953732|2010-08-15T06:44:36.559+0000
2199023255787|137438953732|2010-11-22T00:16:57.055+0000
8796093022248|137438953732|2010-11-16T06:11:49.698+0000
8796093022300|137438953732|2010-10-24T04:49:40.131+0000
6597069766701|274877907241|2010-11-10T14:45:19.486+0000
2199023255787|274877907242|2010-10-15T00:15:38.038+0000
6597069766701|274877907242|2010-11-08T12:18:59.400+0000
8796093022248|274877907242|2010-10-12T23:26:41.755+0000
2199023255787|206158430518|2010-09-19T10:25:44.922+0000
102|206158430755|2010-10-16T20:32:16.843+0000
238|206158430755|2010-10-13T07:24:45.412+0000
2199023255580|206158430755|2010-11-13T21:36:41.920+0000
2199023255629|206158430755|2010-09-02T10:15:26.875+0000
4398046511225|206158430755|2010-11-15T04:26:59.712+0000
4398046511351|206158430755|2010-10-09T01:53:20.613+0000
6597069766672|206158430755|2010-08-21T07:16:54.468+0000
8796093022390|206158430755|2010-09-24T17:56:15.224+0000
102|206158430762|2010-10-13T05:53:36.276+0000
238|206158430762|2010-10-12T23:17:12.639+0000
2199023255580|206158430762|2010-11-13T13:56:10.891+0000
2199023255629|206158430762|2010-09-05T11:49:27.527+0000
4398046511225|206158430762|2010-11-13T15:11:11.892+0000
4398046511351|206158430762|2010-10-06T10:53:15.032+0000
6597069766672|206158430762|2010-08-20T00:33:23.962+0000
8796093022390|206158430762|2010-09-23T02:32:33.350+0000
102|206158430763|2010-10-16T04:56:38.882+0000
2199023255612|137438954053|2010-09-09T08:09:11.742+0000
2199023255580|137438954055|2010-08-16T05:11:20.499+0000
2199023255612|137438954055|2010-09-07T02:43:30.691+0000
2199023255629|137438954055|2010-11-21T00:49:19.137+0000
2199023255767|137438954055|2010-05-26T17:23:21.395+0000
4398046511225|137438954055|2010-09-04T06:22:48.634+0000
4398046511351|137438954055|2010-08-20T19:08:09.057+0000
6597069766708|137438954055|2010-09-30T21:10:12.979+0000
8796093022452|274877907562|2010-10-14T07:55:21.191+0000
2199023255616|274877907597|2010-11-03T17:49:42.908+0000
2199023255574|274877907615|2010-10-30T11:00:52.866+0000
8796093022452|274877907615|2010-10-31T13:53:37.543+0000
8796093022390|274877907637|2010-11-01T18:15:47.915+0000
4398046511225|274877907640|2010-11-16T09:47:25.553+0000
4398046511316|274877907640|2010-11-05T22:44:49.249+0000
8796093022390|274877907640|2010-10-27T11:55:11.939+0000
8796093022390|274877907642|2010-10-31T02:46:01.221+0000
4398046511225|206158430930|2010-09-12T00:45:51.297+0000
4398046511225|206158430931|2010-09-13T23:58:12.628+0000
4398046511333|206158430931|2010-10-08T03:12:45.543+0000
8796093022390|206158430931|2010-10-15T21:12:40.346+0000
4398046511225|206158430939|2010-09-10T15:06:57.430+0000
4398046511333|206158430939|2010-10-09T18:59:54.594+0000
8796093022390|206158430939|2010-10-12T04:52:13.279+0000
4398046511225|206158430951|2010-10-23T03:18:29.488+0000
2199023255742|206158431023|2010-10-21T13:28:33.672+0000
2199023255742|206158431031|2010-10-21T15:23:01.350+0000
2199023255742|137438954369|2010-08-21T12:09:32.219+0000
2199023255742|137438954372|2010-08-21T23:08:42.636+0000
6597069766861|137438954372|2010-10-01T00:37:06.101+0000
8796093022357|343597384605|2010-11-17T12:13:39.101+0000
4398046511333|274877907921|2010-09-18T08:01:03.599+0000
8796093022232|274877907921|2010-11-14T08:12:15.629+0000
8796093022357|274877907921|2010-11-10T13:04:08.323+0000
8796093022414|274877907921|2010-11-16T12:43:06.271+0000
136|274877907934|2010-11-25T09:27:42.198+0000
153|274877907934|2010-10-10T08:55:52.403+0000
2199023255629|274877907934|2010-10-09T04:12:20.921+0000
6597069766775|274877907934|2010-10-08T09:24:16.268+0000
8796093022232|274877907934|2010-11-23T07:25:47.291+0000
6597069766775|274877907964|2010-11-11T18:59:34.101+0000
8796093022357|343597384707|2010-11-17T16:21:43.669+0000
8796093022414|343597384707|2010-11-24T07:44:31.534+0000
6597069766828|274877907999|2010-09-27T07:07:06.500+0000
4398046511105|343597384783|2010-11-14T12:49:41.490+0000
4398046511268|343597384783|2010-11-24T09:18:16.762+0000
6597069766794|343597384783|2010-11-24T01:36:49.030+0000
2199023255746|274877908070|2010-10-30T06:02:43.877+0000
2199023255629|274877908082|2010-10-19T01:50:42.841+0000
4398046511327|274877908082|2010-10-10T17:37:39.517+0000
4398046511327|68719477914|2010-11-23T18:17:44.066+0000
2199023255629|206158431399|2010-10-12T10:55:38.535+0000
2199023255629|206158431401|2010-10-10T03:07:35.826+0000
4398046511327|137438954671|2010-10-29T08:44:36.103+0000
4398046511327|137438954682|2010-10-30T11:36:18.481+0000
2199023255746|206158431431|2010-08-28T23:17:57.548+0000
6597069766794|206158431431|2010-11-18T03:53:17.253+0000
6597069766861|206158431431|2010-10-01T23:07:00.150+0000
2199023255746|206158431451|2010-07-10T14:37:18.619+0000
6597069766794|206158431451|2010-10-15T07:57:26.428+0000
6597069766794|206158431455|2010-10-15T01:47:00.636+0000
2199023255746|206158431456|2010-07-07T17:06:56.137+0000
6597069766794|206158431456|2010-10-15T11:44:53.384+0000
2199023255746|206158431475|2010-11-19T10:34:32.962+0000
2199023255746|68719478017|2010-06-14T11:21:11.771+0000
6597069766794|68719478017|2010-08-20T11:04:08.070+0000
6597069766861|68719478017|2010-09-09T19:04:52.163+0000
2199023255746|274877908243|2010-11-25T06:41:38.239+0000
6597069766794|274877908243|2010-11-23T09:59:27.276+0000
2199023255746|1301|2010-10-23T08:12:26.250+0000
6597069766861|1301|2010-10-17T08:11:44.619+0000
2199023255746|274877908260|2010-09-25T11:11:24.735+0000
150|274877908308|2010-10-15T13:56:28.712+0000
8796093022252|274877908313|2010-10-20T03:36:36.749+0000
6597069766769|68719478240|2010-09-17T05:19:45.975+0000
6597069766769|68719478243|2010-09-16T23:07:46.486+0000
6597069766769|68719478253|2010-09-18T17:02:55.677+0000
6597069766769|68719478273|2010-10-03T13:56:19.402+0000
6597069766769|68719478276|2010-10-03T09:32:08.905+0000
2199023255580|206158431833|2010-09-07T05:04:32.847+0000
143|206158431836|2010-08-23T11:19:29.666+0000
2199023255580|206158431836|2010-09-06T14:43:21.116+0000
2199023255580|137438955117|2010-10-03T07:42:09.299+0000
2199023255580|206158431866|2010-10-16T01:52:39.930+0000
2199023255767|68719478412|2010-04-02T23:05:39.722+0000
2199023255742|137438955250|2010-08-17T16:09:18.791+0000
76|137438955264|2010-11-22T19:13:05.260+0000
6597069766775|137438955272|2010-09-15T03:47:19.621+0000
76|137438955274|2010-10-20T00:06:12.792+0000
4398046511133|137438955274|2010-09-15T09:03:12.453+0000
6597069766769|137438955274|2010-08-23T06:49:12.818+0000
6597069766775|137438955274|2010-09-15T16:19:19.024+0000
76|137438955281|2010-10-24T03:01:28.771+0000
4398046511133|137438955281|2010-09-11T00:30:45.193+0000
6597069766769|137438955281|2010-08-21T23:46:11.422+0000
6597069766775|137438955281|2010-09-17T23:56:05.411+0000
8796093022248|137438955281|2010-11-10T20:17:59.385+0000
6597069766769|206158432022|2010-09-06T17:00:46.283+0000
228|206158432036|2010-07-15T19:06:56.647+0000
76|206158432039|2010-08-03T19:33:41.562+0000
228|206158432039|2010-07-14T08:49:32.458+0000
2199023255742|206158432039|2010-11-17T20:38:06.170+0000
4398046511133|206158432039|2010-10-12T01:13:01.839+0000
6597069766769|206158432039|2010-08-26T20:17:18.142+0000
8796093022248|206158432039|2010-11-16T14:39:45.396+0000
228|206158432040|2010-07-18T21:15:49.762+0000
8796093022248|274877908805|2010-11-23T16:25:57.286+0000
228|206158432088|2010-08-24T14:33:37.803+0000
2199023255693|206158432088|2010-10-14T05:07:35.168+0000
4398046511133|206158432088|2010-10-17T20:43:33.519+0000
6597069766775|206158432088|2010-10-29T02:44:15.026+0000
73|274877908865|2010-11-10T18:26:26.326+0000
73|274877908866|2010-11-11T10:08:33.651+0000
73|137438955399|2010-07-08T11:39:44.048+0000
73|137438955412|2010-07-07T03:07:17.285+0000
73|68719478703|2010-09-19T00:47:41.592+0000
73|206158432206|2010-08-15T16:09:49.971+0000
73|206158432208|2010-08-15T07:06:22.371+0000
73|206158432210|2010-08-16T04:16:54.163+0000
4398046511124|343597385744|2010-11-16T05:30:30.063+0000
150|274877909013|2010-11-11T09:56:55.369+0000
150|274877909041|2010-10-15T18:41:22.965+0000
4398046511327|274877909197|2010-09-17T07:27:49.783+0000
8796093022390|206158432474|2010-10-10T10:28:11.650+0000
4398046511146|343597386119|2010-11-18T21:11:45.892+0000
4398046511146|343597386121|2010-11-22T09:11:34.361+0000
4398046511327|206158432665|2010-07-31T23:23:34.486+0000
4398046511327|137438955948|2010-10-04T21:08:45.332+0000
8796093022390|137438955948|2010-11-03T21:03:28.417+0000
4398046511327|137438955949|2010-10-05T11:03:39.334+0000
111|274877909431|2010-10-18T01:21:20.214+0000
4398046511327|274877909431|2010-10-15T10:46:08.152+0000
8796093022390|274877909431|2010-10-13T09:38:48.213+0000
2199023255767|274877909473|2010-11-14T21:47:16.503+0000
111|274877909495|2010-11-16T16:01:32.589+0000
4398046511123|274877909514|2010-09-04T06:00:53.276+0000
4398046511136|274877909514|2010-09-03T21:46:30.029+0000
4398046511205|274877909514|2010-09-03T16:47:09.538+0000
4398046511224|274877909514|2010-09-05T11:38:45.121+0000
4398046511225|274877909514|2010-09-04T15:47:26.146+0000
4398046511231|274877909514|2010-09-07T14:00:00.286+0000
4398046511297|274877909514|2010-09-03T20:37:57.772+0000
4398046511315|274877909514|2010-09-04T12:57:27.689+0000
6597069766660|274877909514|2010-09-03T09:03:52.383+0000
6597069766672|274877909514|2010-09-03T06:12:48.249+0000
6597069766674|274877909514|2010-09-03T08:36:19.008+0000
6597069766707|274877909514|2010-09-04T09:32:50.376+0000
6597069766722|274877909514|2010-09-04T21:34:42.392+0000
6597069766769|274877909514|2010-09-08T02:54:16.071+0000
6597069766775|274877909514|2010-09-04T15:48:24.371+0000
6597069766786|274877909514|2010-09-04T16:23:03.351+0000
6597069766795|274877909514|2010-09-03T23:39:43.469+0000
6597069766812|274877909514|2010-09-04T22:47:30.646+0000
6597069766819|274877909514|2010-09-03T01:39:16.327+0000
6597069766899|274877909514|2010-09-04T18:32:27.362+0000
8796093022235|274877909514|2010-09-28T06:08:02.632+0000
8796093022239|274877909514|2010-09-14T21:24:20.910+0000
8796093022248|274877909514|2010-09-22T09:38:28.998+0000
8796093022264|274877909514|2010-11-10T17:16:28.161+0000
8796093022348|274877909514|2010-10-16T19:06:29.885+0000
8796093022390|274877909514|2010-09-16T06:27:27.114+0000
8796093022404|274877909514|2010-09-29T21:47:13.696+0000
8796093022414|274877909514|2010-10-03T11:02:12.461+0000
10995116277891|274877909514|2010-11-02T00:34:15.682+0000
2199023255615|137438956045|2010-06-28T11:06:22.863+0000
153|206158433020|2010-09-02T21:07:11.819+0000
153|206158433028|2010-09-02T14:52:27.894+0000
8796093022248|343597386532|2010-11-04T04:46:02.740+0000
153|137438956402|2010-07-05T19:39:47.858+0000
2199023255629|137438956402|2010-07-03T22:13:56.805+0000
4398046511113|137438956402|2010-10-29T00:37:22.227+0000
4398046511113|137438956411|2010-10-01T17:40:59.231+0000
4398046511113|137438956412|2010-09-29T17:45:22.605+0000
2199023255674|68719479684|2010-10-14T11:20:50.155+0000
2199023255629|68719479688|2010-08-11T03:01:07.778+0000
153|68719479701|2010-08-31T18:12:11.942+0000
2199023255674|68719479701|2010-09-20T10:11:48.411+0000
153|68719479702|2010-09-05T09:17:00.519+0000
2199023255674|68719479702|2010-09-20T06:47:06.999+0000
153|68719479707|2010-09-02T22:45:57.234+0000
2199023255674|68719479707|2010-09-21T12:55:50.252+0000
2199023255629|68719479765|2010-06-25T23:17:15.526+0000
2199023255742|68719479765|2010-04-11T11:26:01.459+0000
4398046511147|68719479765|2010-07-24T16:51:42.595+0000
4398046511297|68719479765|2010-08-01T23:58:34.143+0000
4398046511327|68719479765|2010-05-27T13:40:00.870+0000
4398046511333|68719479765|2010-08-20T18:54:40.356+0000
2199023255629|68719479770|2010-10-12T20:24:14.506+0000
4398046511239|68719479770|2010-11-17T16:46:31.947+0000
4398046511297|68719479770|2010-07-25T05:30:36.509+0000
10995116278009|68719479770|2010-11-10T00:13:13.000+0000
2199023255629|343597386789|2010-11-14T15:06:55.873+0000
8796093022248|343597386789|2010-11-16T02:02:59.770+0000
2199023255742|343597386797|2010-11-22T02:49:19.136+0000
2199023255742|343597386805|2010-11-19T14:03:16.714+0000
2199023255742|343597386810|2010-11-19T02:58:43.189+0000
4398046511327|3137|2010-06-06T15:53:10.471+0000
6597069766794|274877910203|2010-10-11T19:04:01.487+0000
4398046511327|274877910207|2010-11-23T03:33:16.880+0000
6597069766794|137438956739|2010-11-19T00:59:27.342+0000
2199023255746|274877910327|2010-10-07T03:38:31.542+0000
4398046511109|274877910346|2010-10-29T14:49:48.076+0000
4398046511109|68719480200|2010-11-02T21:39:46.591+0000
4398046511109|68719480210|2010-10-31T11:07:16.857+0000
41|206158433718|2010-07-12T19:05:48.122+0000
102|206158433718|2010-07-14T16:22:20.052+0000
143|206158433718|2010-07-15T01:00:39.816+0000
150|206158433718|2010-07-17T07:51:18.575+0000
218|206158433718|2010-07-17T03:12:43.251+0000
228|206158433718|2010-07-15T11:01:54.412+0000
246|206158433718|2010-07-13T02:29:09.412+0000
2199023255565|206158433718|2010-07-17T04:16:26.747+0000
2199023255580|206158433718|2010-07-15T10:20:09.341+0000
2199023255669|206158433718|2010-07-14T04:58:14.292+0000
2199023255693|206158433718|2010-07-16T04:58:10.703+0000
2199023255699|206158433718|2010-07-13T07:33:58.934+0000
2199023255711|206158433718|2010-07-12T15:22:45.022+0000
2199023255746|206158433718|2010-07-13T18:59:56.358+0000
4398046511224|206158433718|2010-07-15T09:40:19.471+0000
4398046511316|206158433718|2010-07-13T21:28:41.860+0000
4398046511351|206158433718|2010-07-12T16:55:02.299+0000
6597069766660|206158433718|2010-09-03T14:13:24.409+0000
6597069766734|206158433718|2010-07-16T00:14:47.203+0000
6597069766763|206158433718|2010-08-16T14:01:20.906+0000
6597069766786|206158433718|2010-08-26T18:52:44.555+0000
6597069766794|206158433718|2010-08-14T03:45:17.679+0000
6597069766828|206158433718|2010-08-03T14:53:42.564+0000
6597069766832|206158433718|2010-07-19T17:02:40.782+0000
6597069766861|206158433718|2010-09-11T23:58:16.345+0000
8796093022235|206158433718|2010-09-17T23:10:04.016+0000
8796093022248|206158433718|2010-10-07T03:08:32.319+0000
8796093022252|206158433718|2010-09-01T08:33:05.760+0000
8796093022288|206158433718|2010-10-18T05:55:04.065+0000
8796093022340|206158433718|2010-11-03T09:42:15.160+0000
8796093022357|206158433718|2010-11-01T08:19:38.342+0000
8796093022390|206158433718|2010-08-26T17:00:30.886+0000
8796093022404|206158433718|2010-10-11T09:42:41.966+0000
10995116277891|206158433718|2010-11-20T08:12:41.723+0000
246|206158433823|2010-11-08T22:52:31.170+0000
4398046511124|206158433823|2010-10-02T09:19:16.759+0000
8796093022357|206158433823|2010-11-23T11:38:54.814+0000
4398046511124|206158433831|2010-10-01T08:09:22.410+0000
4398046511124|274877910584|2010-11-17T21:38:26.257+0000
6597069766660|206158433973|2010-09-01T20:04:54.924+0000
6597069766660|206158433992|2010-11-01T21:43:49.619+0000
6597069766660|206158433997|2010-11-01T08:12:26.397+0000
2199023255712|206158434095|2010-10-08T01:54:46.124+0000
6597069766708|343597387608|2010-10-23T21:16:10.635+0000
2199023255693|343597387618|2010-10-30T17:38:35.344+0000
2199023255712|343597387618|2010-11-21T03:44:00.916+0000
4398046511239|343597387651|2010-11-19T00:11:04.042+0000
246|274877910952|2010-11-23T13:16:06.276+0000
2199023255711|274877910952|2010-10-04T15:55:51.052+0000
2199023255712|274877910952|2010-09-29T07:29:13.855+0000
2199023255767|274877910952|2010-10-30T18:18:26.128+0000
4398046511333|274877910952|2010-10-14T16:24:14.764+0000
6597069766707|274877910952|2010-10-29T20:53:43.132+0000
6597069766708|274877910952|2010-10-08T22:00:12.529+0000
6597069766896|274877910952|2010-10-20T18:31:40.574+0000
8796093022300|274877910952|2010-10-09T10:52:46.932+0000
2199023255712|274877910959|2010-09-29T08:49:21.569+0000
238|343597387726|2010-11-20T01:46:00.266+0000
2199023255574|343597387726|2010-10-30T04:50:47.703+0000
4398046511268|343597387726|2010-11-09T15:39:56.079+0000
4398046511327|343597387726|2010-11-04T13:51:30.996+0000
8796093022248|343597387726|2010-11-02T06:49:10.556+0000
8796093022414|343597387726|2010-10-24T14:59:42.981+0000
238|343597387729|2010-11-20T01:03:22.451+0000
2199023255574|343597387729|2010-11-02T12:56:45.106+0000
4398046511268|343597387729|2010-11-09T02:13:31.420+0000
4398046511327|343597387729|2010-11-03T11:43:48.776+0000
8796093022248|343597387729|2010-11-05T19:58:09.384+0000
8796093022414|343597387729|2010-10-25T12:11:01.729+0000
4398046511316|274877911003|2010-10-04T21:40:17.631+0000
2199023255674|206158434371|2010-11-02T07:26:43.829+0000
8796093022390|206158434382|2010-11-01T07:33:12.747+0000
136|274877911178|2010-10-25T08:54:33.390+0000
10995116277891|274877911178|2010-11-13T07:34:04.012+0000
4398046511225|68719481018|2010-10-05T21:58:12.435+0000
4398046511124|343597387979|2010-11-17T06:06:21.251+0000
4398046511333|343597387979|2010-11-10T06:34:58.485+0000
6597069766660|343597387979|2010-11-09T17:57:54.811+0000
8796093022390|343597387979|2010-11-09T14:42:33.206+0000
4398046511225|274877911268|2010-11-10T00:51:01.491+0000
4398046511333|137438957809|2010-10-15T12:23:15.186+0000
8796093022390|137438957809|2010-09-23T02:00:20.617+0000
4398046511333|137438957814|2010-10-15T21:52:56.091+0000
8796093022390|137438957814|2010-09-23T07:42:34.965+0000
4398046511333|137438957815|2010-10-16T17:54:17.048+0000
8796093022390|137438957815|2010-09-23T20:44:49.147+0000
4398046511225|274877911301|2010-10-27T07:32:10.192+0000
8796093022390|274877911301|2010-11-07T03:05:57.157+0000
8796093022390|274877911311|2010-11-10T10:39:11.333+0000
8796093022390|274877911313|2010-11-08T16:44:13.853+0000
4398046511147|206158434736|2010-09-09T07:10:24.709+0000
59|206158434744|2010-11-07T11:21:20.150+0000
153|206158434744|2010-09-07T18:21:07.480+0000
4398046511147|206158434744|2010-09-09T12:50:40.776+0000
4398046511333|206158434744|2010-10-18T04:06:06.024+0000
59|206158434749|2010-11-04T18:33:13.332+0000
153|206158434749|2010-09-08T21:48:36.739+0000
4398046511147|206158434749|2010-09-12T02:25:47.613+0000
4398046511333|206158434749|2010-10-18T09:11:37.803+0000
4398046511147|206158434751|2010-09-09T11:53:42.429+0000
2199023255717|68719481293|2010-05-27T05:40:34.971+0000
59|68719481300|2010-07-30T09:34:24.927+0000
2199023255717|68719481300|2010-05-27T05:25:08.529+0000
59|68719481303|2010-07-29T05:17:14.612+0000
59|68719481305|2010-08-01T03:36:19.566+0000
2199023255717|68719481305|2010-05-25T12:43:26.509+0000
2199023255717|68719481307|2010-05-25T08:21:51.180+0000
2199023255717|343597388265|2010-10-29T21:24:50.233+0000
4398046511147|343597388273|2010-11-17T07:36:56.778+0000
4398046511147|343597388275|2010-11-20T21:26:42.738+0000
4398046511147|343597388279|2010-11-22T02:08:04.829+0000
4398046511147|343597388280|2010-11-17T06:14:13.098+0000
4398046511333|343597388280|2010-11-15T15:31:59.187+0000
4398046511147|343597388281|2010-11-18T01:57:45.505+0000
4398046511333|343597388281|2010-11-14T08:01:00.815+0000
2199023255717|137438958081|2010-10-02T06:54:07.257+0000
2199023255717|137438958083|2010-10-02T03:42:46.762+0000
4398046511146|137438958149|2010-09-16T07:02:11.374+0000
4398046511146|137438958157|2010-09-17T23:14:30.189+0000
4398046511146|137438958166|2010-07-17T17:06:58.097+0000
4398046511146|274877911654|2010-09-15T04:47:33.084+0000
4398046511136|274877911741|2010-11-24T21:38:08.371+0000
4398046511136|137438958312|2010-09-04T05:40:21.293+0000
4398046511136|137438958319|2010-09-05T12:20:51.754+0000
4398046511333|206158435140|2010-10-31T00:11:20.642+0000
4398046511333|206158435143|2010-11-01T00:46:13.778+0000
153|274877911894|2010-11-15T01:09:57.811+0000
153|274877911900|2010-11-13T04:16:52.858+0000
4398046511333|274877911900|2010-10-22T18:11:51.284+0000
8796093022357|274877911900|2010-11-04T19:40:37.245+0000
153|274877911902|2010-11-13T04:06:13.498+0000
153|206158435183|2010-08-18T12:47:27.193+0000
153|137438958479|2010-10-23T02:20:24.282+0000
4398046511333|137438958479|2010-08-16T02:00:41.303+0000
8796093022252|274877911987|2010-10-04T16:36:02.018+0000
153|5108|2010-03-04T06:25:04.202+0000
238|5108|2010-02-27T18:36:38.086+0000
2199023255555|5108|2010-03-26T08:13:11.477+0000
2199023255629|5108|2010-03-21T13:23:54.285+0000
2199023255742|5108|2010-03-25T08:49:47.818+0000
2199023255753|5108|2010-03-29T05:00:07.429+0000
2199023255793|5108|2010-04-30T21:30:31.070+0000
4398046511105|5108|2010-06-12T14:26:15.125+0000
4398046511113|5108|2010-07-23T09:48:59.811+0000
4398046511146|5108|2010-06-29T03:57:07.716+0000
4398046511205|5108|2010-06-02T21:27:03.326+0000
4398046511285|5108|2010-06-07T22:49:50.310+0000
4398046511333|5108|2010-07-08T20:00:45.322+0000
6597069766660|5108|2010-08-16T02:41:27.091+0000
6597069766775|5108|2010-08-24T16:22:10.608+0000
6597069766794|5108|2010-08-23T17:47:33.075+0000
6597069766841|5108|2010-08-01T23:39:04.567+0000
6597069766861|5108|2010-09-23T04:11:47.151+0000
8796093022238|5108|2010-09-26T21:21:04.171+0000
8796093022252|5108|2010-09-03T23:13:25.199+0000
8796093022348|5108|2010-09-29T15:46:25.211+0000
8796093022357|5108|2010-11-10T14:07:50.674+0000
8796093022390|5108|2010-09-05T22:47:55.707+0000
8796093022404|5108|2010-09-28T15:23:32.171+0000
10995116277844|5108|2010-11-13T14:08:01.408+0000
10995116277891|5108|2010-10-27T03:16:47.073+0000
10995116277947|5108|2010-11-23T23:19:48.437+0000
10995116277992|5108|2010-11-17T22:13:11.761+0000
2199023255713|274877912160|2010-11-17T16:14:18.649+0000
153|206158435442|2010-11-18T23:57:47.594+0000
4398046511327|206158435443|2010-09-17T16:46:59.195+0000
2199023255674|206158435450|2010-11-13T01:34:59.250+0000
153|206158435453|2010-11-19T08:48:02.135+0000
4398046511327|274877912204|2010-09-26T18:30:32.348+0000
2199023255674|274877912217|2010-11-24T13:36:10.700+0000
4398046511327|274877912387|2010-10-09T03:11:21.043+0000
153|274877912390|2010-11-22T12:48:23.076+0000
2199023255629|274877912390|2010-09-21T11:38:09.500+0000
4398046511333|274877912390|2010-11-14T02:02:21.537+0000
10995116277866|274877912390|2010-11-20T22:42:05.051+0000
10995116277866|274877912402|2010-11-20T11:17:57.820+0000
150|206158435683|2010-08-18T09:54:04.237+0000
208|206158435683|2010-08-29T21:46:13.155+0000
2199023255629|206158435683|2010-09-04T13:25:52.434+0000
10995116277918|206158435683|2010-11-15T07:24:52.313+0000
150|206158435685|2010-08-18T12:45:06.423+0000
208|206158435685|2010-08-29T07:13:34.890+0000
2199023255629|206158435685|2010-08-30T09:25:10.591+0000
10995116277918|206158435685|2010-11-14T22:56:11.956+0000
150|274877912438|2010-10-06T18:38:09.579+0000
153|274877912438|2010-10-12T13:19:59.235+0000
4398046511327|343597389223|2010-11-22T20:04:09.322+0000
4398046511225|137438959076|2010-06-25T05:00:46.500+0000
4398046511232|137438959076|2010-06-23T14:35:49.796+0000
4398046511239|137438959076|2010-07-17T09:09:00.788+0000
4398046511261|137438959076|2010-06-23T12:55:37.542+0000
4398046511274|137438959076|2010-06-20T23:18:46.340+0000
4398046511297|137438959076|2010-06-20T23:49:11.626+0000
4398046511324|137438959076|2010-06-21T22:25:32.455+0000
6597069766708|137438959076|2010-07-17T03:00:18.011+0000
6597069766722|137438959076|2010-08-26T17:54:56.169+0000
6597069766747|137438959076|2010-09-03T00:05:40.934+0000
6597069766769|137438959076|2010-07-24T04:05:42.615+0000
6597069766847|137438959076|2010-07-20T01:04:12.612+0000
8796093022238|137438959076|2010-09-24T08:36:01.007+0000
8796093022282|137438959076|2010-10-13T19:35:12.196+0000
8796093022320|137438959076|2010-10-04T08:30:41.015+0000
8796093022340|137438959076|2010-10-17T10:21:23.860+0000
8796093022404|137438959076|2010-10-02T03:41:00.669+0000
10995116277858|137438959076|2010-11-22T08:09:28.131+0000
10995116277918|137438959076|2010-11-07T02:22:25.386+0000
4398046511225|206158436176|2010-10-07T17:23:07.426+0000
8796093022320|206158436176|2010-10-15T02:01:28.427+0000
4398046511225|206158436179|2010-10-08T18:07:39.340+0000
8796093022320|206158436179|2010-10-14T02:00:56.715+0000
153|274877912920|2010-11-05T12:55:56.672+0000
2199023255699|274877912920|2010-10-01T23:13:56.302+0000
4398046511147|274877912920|2010-10-11T17:44:05.780+0000
4398046511225|274877912920|2010-10-07T17:52:58.802+0000
4398046511327|274877912920|2010-11-10T08:11:36.873+0000
153|274877912923|2010-11-10T17:55:52.647+0000
2199023255699|274877912923|2010-09-30T17:21:57.901+0000
4398046511147|274877912923|2010-10-12T03:18:14.278+0000
4398046511225|274877912923|2010-10-07T02:30:53.282+0000
4398046511327|274877912923|2010-11-07T20:10:07.092+0000
153|274877912931|2010-11-07T02:36:41.805+0000
153|274877912932|2010-11-05T09:59:24.319+0000
2199023255699|274877912932|2010-09-29T12:40:15.786+0000
4398046511147|274877912932|2010-10-13T16:17:31.703+0000
4398046511225|274877912932|2010-10-06T20:16:23.264+0000
4398046511327|274877912932|2010-11-07T19:58:46.342+0000
4398046511147|274877912956|2010-11-05T19:24:48.355+0000
4398046511327|274877912956|2010-10-21T16:29:56.912+0000
6597069766769|343597389708|2010-11-09T04:15:06.920+0000
6597069766769|343597389709|2010-11-11T12:25:02.843+0000
4398046511147|343597389714|2010-11-11T16:10:07.622+0000
4398046511147|343597389718|2010-11-15T00:35:00.275+0000
153|343597389727|2010-11-12T17:05:44.074+0000
4398046511147|343597389727|2010-11-17T21:43:45.805+0000
6597069766769|343597389727|2010-11-24T21:54:38.509+0000
153|343597389737|2010-11-11T09:36:59.344+0000
4398046511147|343597389737|2010-11-17T12:03:47.111+0000
153|343597389740|2010-11-13T13:08:06.088+0000
4398046511147|343597389740|2010-11-16T16:02:05.219+0000
153|343597389755|2010-11-25T03:34:57.439+0000
8796093022390|343597390005|2010-11-19T17:59:37.177+0000
6597069766660|274877913422|2010-10-27T08:30:57.739+0000
2199023255574|274877913430|2010-10-08T14:43:26.865+0000
4398046511113|274877913430|2010-11-11T23:17:53.877+0000
2199023255574|274877913441|2010-10-08T12:36:01.469+0000
4398046511113|274877913449|2010-11-14T06:30:14.079+0000
4398046511225|206158436719|2010-10-31T01:37:42.479+0000
2199023255633|206158436734|2010-09-16T19:02:35.566+0000
2199023255742|137438960104|2010-09-01T14:32:27.077+0000
6597069766722|206158436873|2010-10-16T04:19:24.176+0000
2199023255612|68719483418|2010-10-25T06:27:47.873+0000
2199023255629|68719483418|2010-03-30T14:19:44.596+0000
4398046511113|68719483418|2010-07-17T10:50:48.958+0000
4398046511220|68719483418|2010-10-21T05:11:42.085+0000
6597069766722|68719483418|2010-09-01T01:41:35.654+0000
6597069766747|68719483418|2010-09-18T15:04:37.108+0000
2199023255629|137438960162|2010-09-16T14:04:27.467+0000
4398046511113|137438960165|2010-08-19T17:01:39.789+0000
2199023255612|206158436916|2010-10-11T03:54:33.108+0000
8796093022252|274877913868|2010-09-11T21:57:41.857+0000
4398046511261|274877914071|2010-09-29T00:26:32.643+0000
8796093022363|274877914294|2010-10-07T04:11:17.364+0000
2199023255738|274877914294|2010-10-03T01:15:44.575+0000
6597069766701|274877914294|2010-10-07T19:14:30.511+0000
6597069766795|274877914294|2010-10-02T05:52:57.423+0000
6597069766831|274877914294|2010-11-19T17:15:30.165+0000
8796093022252|274877914294|2010-10-03T07:12:17.982+0000
2199023255736|274877914294|2010-10-03T07:04:14.628+0000
4398046511249|274877914294|2010-10-05T14:53:19.608+0000
2199023255565|274877914294|2010-10-05T11:52:24.410+0000
4398046511252|274877914294|2010-10-07T21:12:36.504+0000
4398046511183|274877914294|2010-10-04T23:36:15.348+0000
218|274877914294|2010-10-02T05:36:10.514+0000
4398046511316|274877914294|2010-10-06T08:16:52.150+0000
4398046511158|274877914294|2010-10-14T01:23:50.787+0000
4398046511325|274877914294|2010-10-02T07:07:41.104+0000
8796093022375|274877914294|2010-10-05T22:48:03.968+0000
8796093022318|274877914294|2010-10-07T17:15:11.675+0000
4398046511219|274877914294|2010-11-09T10:02:26.711+0000
4398046511321|274877914294|2010-11-07T22:49:35.040+0000
8796093022390|274877914294|2010-11-18T20:40:36.736+0000
6597069766769|274877914294|2010-10-04T01:30:20.160+0000
4398046511205|274877914294|2010-10-02T04:53:09.917+0000
8796093022432|274877914294|2010-10-22T06:22:48.882+0000
4398046511123|274877914294|2010-10-05T18:54:41.930+0000
4398046511112|274877914294|2010-10-02T14:38:06.606+0000
6597069766709|274877914294|2010-10-04T14:58:45.312+0000
10995116277844|274877914294|2010-11-09T21:26:46.259+0000
8796093022348|274877914294|2010-10-03T21:37:36.770+0000
4398046511261|274877914294|2010-10-03T13:14:17.512+0000
2199023255756|274877914294|2010-10-05T14:55:31.866+0000
4398046511190|274877914294|2010-11-24T08:27:52.712+0000
4398046511231|274877914294|2010-10-02T12:08:22.173+0000
8796093022322|274877914294|2010-10-08T10:31:25.106+0000
8796093022411|274877914294|2010-10-31T07:34:02.429+0000
2199023255616|274877914294|2010-10-03T00:35:29.934+0000
8796093022238|274877914294|2010-10-13T21:28:21.183+0000
2199023255767|274877914294|2010-11-10T15:24:05.212+0000
238|274877914294|2010-10-03T03:06:14.540+0000
4398046511333|274877914294|2010-10-04T23:46:04.033+0000
2199023255742|68719484537|2010-07-22T10:17:53.257+0000
4398046511249|68719484537|2010-10-22T09:03:53.677+0000
4398046511333|68719484537|2010-07-25T06:57:42.855+0000
6597069766887|68719484537|2010-09-21T14:35:03.356+0000
8796093022359|68719484537|2010-11-24T06:22:40.135+0000
6597069766887|206158438055|2010-11-06T08:56:00.241+0000
10995116277866|206158438055|2010-11-19T04:39:28.925+0000
2199023255616|68719484684|2010-08-07T06:02:00.510+0000
4398046511220|68719484684|2010-10-15T13:47:20.550+0000
6597069766786|68719484684|2010-09-02T09:10:21.184+0000
8796093022452|68719484684|2010-11-04T10:08:57.633+0000
73|206158438162|2010-09-24T22:13:09.398+0000
150|206158438162|2010-09-10T06:05:15.864+0000
2199023255574|206158438162|2010-10-06T04:18:31.629+0000
2199023255616|206158438162|2010-10-19T14:26:08.451+0000
2199023255711|206158438162|2010-10-26T21:52:18.377+0000
4398046511220|206158438162|2010-09-16T02:08:56.107+0000
4398046511351|206158438162|2010-09-03T06:18:17.694+0000
8796093022300|206158438162|2010-11-07T04:28:54.667+0000
8796093022301|206158438162|2010-10-24T01:47:41.381+0000
6597069766779|343597391656|2010-11-13T20:41:15.799+0000
6597069766756|68719484724|2010-10-31T05:31:31.693+0000
6597069766786|206158438210|2010-09-25T00:14:12.656+0000
4398046511351|274877914975|2010-10-27T01:52:37.476+0000
150|274877914985|2010-11-18T03:26:46.062+0000
73|274877914987|2010-11-08T17:02:19.988+0000
143|343597391753|2010-10-29T14:31:55.295+0000
153|343597391753|2010-11-12T18:25:05.559+0000
2199023255787|343597391753|2010-11-09T22:01:00.621+0000
4398046511105|343597391753|2010-11-24T06:17:01.245+0000
4398046511146|343597391753|2010-11-03T06:24:37.920+0000
6597069766672|343597391753|2010-11-01T14:29:02.820+0000
6597069766775|343597391753|2010-10-28T12:09:32.656+0000
6597069766822|343597391753|2010-11-15T05:57:28.126+0000
8796093022232|343597391753|2010-11-24T17:26:47.877+0000
8796093022326|343597391753|2010-11-09T23:00:58.460+0000
143|343597391755|2010-10-27T23:42:21.722+0000
2199023255787|343597391759|2010-11-11T12:47:16.276+0000
4398046511292|274877915026|2010-10-06T07:51:18.653+0000
228|274877915615|2010-11-19T21:29:41.840+0000
234|274877915615|2010-11-24T01:35:54.684+0000
4398046511285|274877915615|2010-09-27T17:15:17.785+0000
4398046511292|274877915615|2010-11-19T05:43:23.011+0000
8796093022301|274877915615|2010-10-25T19:33:51.886+0000
8796093022375|274877915615|2010-11-24T18:00:03.916+0000
8796093022390|206158438887|2010-10-25T18:09:40.134+0000
8796093022348|343597392405|2010-11-23T06:40:11.296+0000
4398046511112|274877915701|2010-11-02T23:37:10.042+0000
4398046511327|206158439012|2010-09-14T09:34:36.219+0000
4398046511327|206158439053|2010-07-27T12:12:27.173+0000
6597069766747|8858|2010-11-18T20:22:30.831+0000
6597069766747|8864|2010-11-19T11:35:22.735+0000
6597069766747|8866|2010-11-16T11:56:49.889+0000
4398046511327|8890|2010-10-19T15:58:04.176+0000
2199023255689|343597392595|2010-11-07T03:27:03.413+0000
2199023255689|343597392601|2010-11-10T12:14:52.291+0000
10995116277891|206158439149|2010-11-20T11:36:32.959+0000
10995116277891|206158439157|2010-11-22T18:21:14.266+0000
10995116277891|206158439159|2010-11-23T14:22:44.272+0000
2199023255711|137438962457|2010-05-14T09:59:57.792+0000
8796093022279|274877916183|2010-10-19T01:08:11.869+0000
6597069766753|274877916266|2010-09-30T13:10:02.521+0000
2199023255669|274877916266|2010-10-01T02:00:17.981+0000
4398046511268|274877916266|2010-10-18T05:03:45.955+0000
4398046511220|274877916266|2010-10-07T06:36:45.662+0000
4398046511333|274877916266|2010-10-04T08:03:30.750+0000
6597069766866|274877916266|2010-09-29T21:12:18.554+0000
6597069766746|274877916266|2010-11-05T15:23:17.559+0000
153|274877916483|2010-09-02T12:15:03.771+0000
143|137438963058|2010-09-05T05:43:51.678+0000
2199023255616|137438963058|2010-09-17T08:16:29.882+0000
8796093022357|137438963058|2010-11-01T23:15:01.495+0000
2199023255746|137438963080|2010-07-11T22:15:36.897+0000
2199023255746|137438963088|2010-07-11T11:08:28.073+0000
2199023255742|274877916614|2010-09-19T02:21:26.383+0000
2199023255742|274877916619|2010-09-13T03:39:32.033+0000
2199023255742|274877916621|2010-09-15T01:11:28.168+0000
2199023255742|137438963179|2010-07-17T10:20:31.254+0000
2199023255742|137438963181|2010-07-20T12:07:22.478+0000
2199023255742|137438963182|2010-07-19T02:43:25.893+0000
4398046511327|343597393440|2010-11-25T01:09:01.834+0000
6597069766786|137438963237|2010-09-18T03:11:35.809+0000
6597069766786|137438963238|2010-09-17T05:25:57.540+0000
4398046511146|68719486554|2010-09-24T04:38:04.373+0000
4398046511146|137438963321|2010-11-17T05:21:52.747+0000
4398046511146|137438963322|2010-11-18T16:53:20.619+0000
4398046511146|68719486592|2010-08-27T19:21:41.875+0000
4398046511146|68719486599|2010-08-28T13:05:45.771+0000
238|343597393580|2010-11-03T14:53:05.434+0000
6597069766812|206158440125|2010-10-25T07:33:49.135+0000
8796093022390|274877916952|2010-10-07T07:09:47.950+0000
150|206158440292|2010-08-19T06:18:45.860+0000
2199023255712|68719486854|2010-10-22T04:19:00.777+0000
2199023255574|10169|2010-10-13T21:46:07.388+0000
2199023255712|10169|2010-11-12T07:28:56.226+0000
76|10174|2010-04-29T23:12:44.260+0000
2199023255574|10174|2010-10-11T19:58:36.767+0000
2199023255712|10174|2010-11-11T15:16:46.321+0000
6597069766722|343597393921|2010-11-15T19:33:04.514+0000
228|10300|2010-04-06T19:33:30.765+0000
2199023255633|10303|2010-05-31T00:52:56.807+0000
4398046511333|10309|2010-06-29T01:01:08.152+0000
2199023255574|206158440522|2010-11-01T12:57:50.670+0000
2199023255633|206158440522|2010-08-06T19:00:54.407+0000
2199023255742|206158440522|2010-09-30T16:45:17.763+0000
6597069766786|206158440522|2010-09-08T15:55:43.767+0000
6597069766828|206158440522|2010-11-23T07:28:15.168+0000
8796093022220|206158440522|2010-10-07T02:24:14.947+0000
8796093022222|206158440522|2010-11-04T02:57:18.833+0000
8796093022300|206158440522|2010-10-20T03:48:43.973+0000
8796093022452|206158440522|2010-11-06T08:24:31.198+0000
2199023255742|10325|2010-04-03T18:16:40.294+0000
8796093022300|10328|2010-10-13T17:08:53.969+0000
4398046511249|10338|2010-06-18T13:45:12.182+0000
153|10339|2010-06-14T23:26:08.038+0000
228|10339|2010-05-27T10:39:49.601+0000
2199023255574|10339|2010-09-10T13:00:52.227+0000
2199023255742|10339|2010-04-03T08:15:33.452+0000
4398046511146|10339|2010-07-13T18:48:40.237+0000
4398046511249|10339|2010-06-16T20:37:14.397+0000
6597069766786|10339|2010-09-26T00:07:02.797+0000
8796093022300|10339|2010-10-16T01:28:40.293+0000
10995116277794|10339|2010-11-24T02:55:23.844+0000
76|206158440553|2010-10-30T17:21:22.689+0000
153|206158440553|2010-08-28T01:46:34.519+0000
228|206158440553|2010-09-06T08:48:52.650+0000
2199023255633|206158440553|2010-10-04T06:50:35.862+0000
2199023255689|206158440553|2010-10-26T19:43:52.402+0000
2199023255742|206158440553|2010-10-01T20:59:15.389+0000
4398046511136|206158440553|2010-11-04T03:10:49.638+0000
4398046511146|206158440553|2010-10-27T22:48:14.254+0000
6597069766786|206158440553|2010-09-17T00:01:56.873+0000
6597069766841|206158440553|2010-10-21T04:04:47.485+0000
8796093022220|206158440553|2010-10-19T04:39:15.787+0000
8796093022452|206158440553|2010-10-07T14:25:06.744+0000
76|206158440554|2010-10-29T16:25:45.236+0000
8796093022452|68719487091|2010-10-13T15:49:38.578+0000
2199023255574|68719487115|2010-04-11T09:27:00.737+0000
153|206158440591|2010-10-21T10:47:10.221+0000
246|206158440591|2010-10-24T03:02:06.924+0000
2199023255742|206158440591|2010-08-13T10:31:58.765+0000
2199023255767|206158440591|2010-08-21T18:01:54.499+0000
4398046511146|206158440591|2010-10-02T00:01:47.354+0000
4398046511333|206158440591|2010-11-14T09:54:49.374+0000
6597069766828|206158440591|2010-11-16T17:12:00.058+0000
6597069766841|206158440591|2010-08-15T04:03:30.908+0000
8796093022222|206158440591|2010-10-06T13:07:56.620+0000
8796093022452|206158440591|2010-10-08T17:28:37.368+0000
6597069766828|206158440604|2010-11-14T16:25:51.067+0000
153|68719487154|2010-07-23T02:17:13.997+0000
10995116277992|68719487347|2010-11-14T14:26:55.479+0000
8796093022300|68719487394|2010-10-02T07:46:40.701+0000
143|206158440883|2010-10-03T15:10:31.888+0000
195|206158440883|2010-09-13T20:56:10.043+0000
246|206158440883|2010-08-18T15:14:49.730+0000
2199023255754|206158440883|2010-11-18T00:45:00.900+0000
4398046511147|206158440883|2010-11-09T18:45:24.624+0000
4398046511190|206158440883|2010-10-30T17:36:22.992+0000
4398046511205|206158440883|2010-07-27T05:54:45.489+0000
4398046511285|206158440883|2010-09-20T23:08:07.186+0000
4398046511333|206158440883|2010-10-14T00:32:08.982+0000
6597069766769|206158440883|2010-10-05T05:16:05.329+0000
6597069766794|206158440883|2010-10-02T01:32:37.254+0000
6597069766835|206158440883|2010-09-23T22:56:29.758+0000
8796093022239|206158440883|2010-10-06T03:33:43.842+0000
8796093022264|206158440883|2010-11-16T22:20:26.219+0000
8796093022300|206158440883|2010-09-27T23:19:55.789+0000
2199023255754|206158440891|2010-11-14T06:56:26.337+0000
143|274877917639|2010-11-16T04:25:41.333+0000
195|274877917639|2010-11-08T10:49:04.711+0000
246|274877917639|2010-09-11T07:44:37.424+0000
2199023255555|274877917639|2010-10-28T22:37:45.251+0000
2199023255674|274877917639|2010-11-06T18:41:00.287+0000
2199023255717|274877917639|2010-11-21T04:36:32.748+0000
4398046511123|274877917639|2010-09-14T17:42:44.567+0000
4398046511136|274877917639|2010-10-23T22:41:49.400+0000
4398046511183|274877917639|2010-11-14T11:24:54.346+0000
4398046511190|274877917639|2010-10-26T07:25:46.516+0000
4398046511232|274877917639|2010-11-06T20:40:19.117+0000
4398046511285|274877917639|2010-10-30T13:36:28.412+0000
4398046511327|274877917639|2010-09-06T22:34:46.558+0000
4398046511333|274877917639|2010-11-04T18:37:24.738+0000
6597069766660|274877917639|2010-09-15T06:36:47.631+0000
6597069766692|274877917639|2010-10-10T08:54:58.892+0000
8796093022239|274877917639|2010-09-16T12:21:01.555+0000
8796093022248|274877917639|2010-10-25T14:38:32.737+0000
8796093022363|274877917639|2010-09-29T04:19:37.298+0000
246|343597394391|2010-11-11T10:27:13.731+0000
6597069766660|274877917673|2010-08-27T23:24:19.993+0000
4398046511146|274877917978|2010-11-12T11:39:20.654+0000
136|274877917980|2010-11-20T01:17:24.488+0000
2199023255753|274877917980|2010-11-02T23:05:23.865+0000
2199023255756|274877917980|2010-11-06T14:02:14.326+0000
4398046511146|274877917980|2010-11-13T02:04:19.214+0000
4398046511231|274877917980|2010-09-10T03:32:08.167+0000
8796093022390|274877917980|2010-09-27T16:18:17.799+0000
136|137438964535|2010-08-18T21:53:36.515+0000
238|137438964535|2010-10-18T09:53:33.395+0000
2199023255574|137438964535|2010-07-21T18:01:24.496+0000
2199023255756|137438964535|2010-06-26T07:29:09.114+0000
4398046511231|137438964535|2010-09-20T10:02:51.154+0000
4398046511268|137438964535|2010-10-07T21:24:14.053+0000
6597069766672|137438964535|2010-09-15T02:30:03.197+0000
8796093022348|137438964535|2010-10-01T21:15:39.206+0000
8796093022390|137438964535|2010-11-21T07:46:40.305+0000
6597069766672|343597394749|2010-11-24T14:57:52.366+0000
10995116277918|343597394749|2010-11-18T13:19:43.460+0000
6597069766708|137438964573|2010-07-21T18:51:01.625+0000
238|206158441323|2010-10-11T13:20:07.496+0000
2199023255574|206158441323|2010-10-21T13:28:08.426+0000
2199023255580|206158441323|2010-09-01T04:45:02.105+0000
6597069766708|206158441323|2010-09-20T02:32:12.397+0000
6597069766775|206158441323|2010-10-21T01:24:43.929+0000
8796093022348|206158441323|2010-10-09T05:13:05.119+0000
6597069766708|274877918066|2010-11-11T14:45:15.408+0000
