personid,hyperedge
943,12
945,12
21481,12
18930,26
18931,26
30126,87
32036,87
59829,87
19012,116
19013,116
19014,116
822,146
823,146
824,146
28368,146
2056,171
2625,171
34908,171
580,174
21779,174
88,180
3573,180
5372,180
2625,186
16646,186
49024,186
49025,186
1403,192
3513,192
10849,192
19572,192
90,216
29711,216
58368,277
58369,277
14183,368
18710,368
25603,368
3251,425
4132,425
4133,425
4134,425
4135,425
19572,447
19574,447
43870,447
7640,515
7641,515
47649,519
47650,519
47651,519
1941,545
1942,545
20411,545
20940,545
3918,551
25478,551
19112,563
19113,563
19114,563
11588,584
13600,584
18058,584
24365,584
5672,594
43179,594
1977,686
41564,686
657,690
9901,690
18952,690
2055,710
12285,710
14117,710
14944,716
18155,716
30221,716
9025,722
63161,722
12768,777
12769,777
7805,799
30868,799
10165,859
34575,859
48427,859
90,898
17677,898
17940,898
940,933
2228,933
5450,933
27652,933
5596,961
12541,961
12624,969
12625,969
75354,1026
75355,1026
75356,1026
75357,1026
14384,1033
14385,1033
8694,1056
10983,1056
17727,1090
25971,1090
2254,1109
7329,1109
7331,1109
13600,1109
31740,1111
31741,1111
12715,1126
12716,1126
5207,1143
18390,1143
39584,1143
944,1156
11457,1156
19959,1156
664,1181
18545,1181
18546,1181
15044,1185
19348,1185
20794,1185
21044,1185
21577,1185
4169,1188
4170,1188
7893,1220
7894,1220
2571,1243
2572,1243
2573,1243
2574,1243
1092,1278
10936,1278
63541,1278
75536,1278
75537,1278
4344,1320
7763,1320
10922,1330
10923,1330
10924,1330
10925,1330
24130,1360
24131,1360
1351,1383
2669,1383
8232,1383
12691,1390
69155,1390
18246,1457
20480,1457
21226,1457
21227,1457
21983,1457
1719,1495
1977,1495
9758,1495
37743,1495
43243,1495
43244,1495
15042,1509
15043,1509
15044,1509
22465,1519
26306,1519
13150,1532
20244,1532
24900,1532
108,1645
658,1645
1673,1645
8074,1649
8075,1649
8076,1649
12285,1655
15267,1655
15268,1655
59065,1660
59066,1660
107,1675
2235,1675
47674,1675
47675,1675
2589,1694
58614,1694
58615,1694
63095,1721
63096,1721
9571,1736
10286,1736
12691,1736
6872,1757
6873,1757
6874,1757
6875,1757
7805,1823
10579,1823
17815,1866
17816,1866
2406,1872
14183,1872
31778,1872
59040,1882
59041,1882
59042,1882
18178,1916
35748,1916
31326,1923
31327,1923
6209,1928
25788,1928
58633,1967
58634,1967
7331,2041
7805,2041
11545,2041
51363,2041
9756,2060
29235,2060
10476,2082
10861,2082
10862,2082
10863,2082
2983,2086
2984,2086
2985,2086
2986,2086
2987,2086
4307,2088
10474,2088
10476,2088
975,2090
1029,2090
2253,2162
3134,2162
6210,2167
6575,2167
33987,2174
33988,2174
22008,2181
41088,2181
49992,2181
543,2191
80612,2191
24961,2193
24962,2193
1402,2194
1902,2194
17094,2216
17095,2216
17096,2216
17097,2216
17098,2216
1614,2229
8083,2229
20019,2229
12693,2244
12694,2244
12695,2244
3092,2254
6493,2254
21715,2258
40164,2258
16646,2323
19929,2323
29027,2323
4801,2344
4802,2344
4803,2344
4804,2344
4805,2344
26886,2361
26887,2361
21791,2418
47478,2418
47479,2418
724,2429
6509,2429
6510,2429
6511,2429
9931,2448
9932,2448
9933,2448
943,2478
27208,2478
6178,2493
6179,2493
6180,2493
6181,2493
6182,2493
50932,2517
50933,2517
50934,2517
50935,2517
50936,2517
9571,2552
49822,2552
49823,2552
2056,2554
31674,2554
3513,2561
9568,2561
11773,2561
46576,2561
658,2610
659,2610
24257,2610
26173,2610
10671,2619
12194,2619
12206,2646
12207,2646
1719,2648
1720,2648
57239,2681
57240,2681
7331,2690
8717,2690
21719,2690
12923,2742
12924,2742
12925,2742
12926,2742
12927,2742
12928,2742
1643,2797
4077,2797
59067,2797
18052,2820
24712,2820
9571,2857
18680,2857
15019,2875
62695,2875
62696,2875
6142,2879
14117,2879
17392,2879
4398,2882
11290,2882
19512,2882
58429,2905
58430,2905
16138,2952
24992,2952
25803,2980
25804,2980
580,3010
1716,3010
2983,3010
15237,3010
2214,3014
58384,3014
11179,3036
16923,3036
77646,3036
25200,3040
25201,3040
63210,3072
63211,3072
30593,3075
30594,3075
30595,3075
2227,3109
25560,3109
18417,3111
21918,3111
943,3121
944,3121
945,3121
13600,3129
27862,3129
2862,3265
2863,3265
8076,3285
13521,3285
7805,3293
12164,3293
33913,3293
7505,3354
42661,3354
58963,3371
58964,3371
39811,3382
39812,3382
20553,3383
20554,3383
56601,3383
2268,3385
11647,3385
11648,3385
11649,3385
22981,3388
29214,3388
31823,3397
31824,3397
31825,3397
31826,3397
7646,3414
10288,3414
5851,3415
5852,3415
5853,3415
5854,3415
52726,3444
52727,3444
1638,3468
5036,3468
22923,3468
1403,3481
13776,3481
7329,3494
8716,3494
8717,3494
8210,3523
8716,3523
12691,3523
29885,3535
40414,3535
663,3538
1756,3538
32164,3564
32165,3564
8076,3571
16292,3571
6692,3618
47734,3618
28276,3691
58005,3691
1203,3697
1716,3697
50436,3697
7331,3699
21719,3699
56683,3699
1299,3702
1311,3702
1312,3702
1610,3702
79628,3702
7715,3727
41224,3727
47472,3727
17136,3728
17168,3728
28417,3728
32917,3728
52773,3728
1513,3744
20989,3744
7125,3811
23703,3811
28249,3811
40765,3820
61853,3820
19221,3821
23447,3821
29820,3821
35138,3821
11458,3843
14183,3843
1844,3860
13551,3860
22704,3860
855,3891
1737,3891
17595,3891
17596,3891
26193,3936
37151,3936
56622,3936
56623,3936
12532,3957
20683,3957
63464,3957
26103,3973
30207,3973
602,3976
12223,3976
31622,3987
31623,3987
24810,4020
24811,4020
3513,4043
4225,4043
2253,4060
51602,4060
1357,4069
1975,4069
22565,4069
43537,4069
11723,4080
25921,4080
71164,4107
71165,4107
634,4114
18640,4114
90,4154
108,4154
1513,4154
1213,4174
13980,4174
2066,4186
30749,4186
2214,4193
48643,4193
905,4239
2268,4239
9760,4254
9761,4254
9762,4254
25844,4260
28347,4260
28348,4260
15129,4265
50549,4265
855,4296
9901,4296
12542,4296
69875,4296
2228,4339
4659,4339
14069,4339
18390,4339
31350,4339
8210,4344
14385,4344
31829,4344
13149,4349
16646,4349
1716,4372
3983,4372
3984,4372
28093,4374
28094,4374
3513,4386
18476,4386
49899,4386
4659,4452
44319,4452
24237,4453
58253,4453
2771,4473
4888,4473
17136,4473
17168,4473
32917,4473
18303,4502
18417,4502
21232,4502
28672,4502
90,4524
579,4524
2310,4524
198,4541
2699,4541
1716,4596
2310,4596
15091,4596
15092,4596
15093,4596
15094,4596
11458,4615
43957,4615
14328,4650
14329,4650
7329,4653
9901,4653
21254,4659
22340,4659
19048,4698
21791,4698
28,4739
56527,4739
11864,4793
11865,4793
1716,4824
11418,4824
13613,4824
13614,4824
31578,4831
77651,4831
75536,4860
77716,4860
9120,4873
18955,4873
56523,4873
5657,4912
7079,4912
7080,4912
11651,4932
11652,4932
1357,4941
1403,4941
4147,4941
8682,4941
43537,4941
49421,4941
7805,5030
8074,5030
8075,5030
30335,5033
30336,5033
2863,5036
7142,5036
40172,5036
40173,5036
15127,5045
15128,5045
15129,5045
991,5080
1303,5080
2127,5080
12962,5080
11473,5119
11474,5119
1160,5164
1797,5164
23327,5170
38717,5170
90,5241
1414,5241
16842,5246
16843,5246
50881,5259
61331,5259
61332,5259
4094,5325
4363,5325
30960,5328
30961,5328
30962,5328
30963,5328
287,5335
1752,5335
2024,5335
6628,5352
6689,5352
6690,5352
60485,5365
60486,5365
60487,5365
1716,5368
34650,5368
913,5403
2986,5403
4659,5425
8957,5425
1638,5431
2374,5431
5672,5431
18029,5431
18030,5431
603,5436
8432,5436
8433,5436
8434,5436
17567,5467
21226,5467
21227,5467
12691,5476
42501,5476
42502,5476
4668,5479
4669,5479
108,5620
706,5620
1513,5620
578,5641
27490,5641
854,5676
1716,5676
8215,5678
12287,5678
20494,5678
6493,5713
22704,5713
41088,5713
14360,5715
14361,5715
14362,5715
2268,5723
2269,5723
21615,5735
21616,5735
9568,5807
11773,5807
14431,5821
14432,5821
541,5838
18559,5838
33801,5838
3974,5847
19959,5847
1303,5854
5207,5854
3251,5903
9571,5903
20553,5903
20554,5903
90,5912
1848,5912
18,5957
7714,5957
16615,5958
35295,5958
35296,5958
29,5967
906,5967
4566,5967
4567,5967
12285,5998
28718,5998
59284,6000
59285,6000
63186,6014
63187,6014
99,6030
17738,6030
46631,6030
5372,6066
10579,6066
26139,6067
56023,6067
1546,6096
9675,6096
15827,6096
2053,6113
28191,6113
9191,6128
9192,6128
22533,6196
22534,6196
59849,6224
59850,6224
17469,6253
44398,6253
54877,6253
40671,6279
45227,6279
45228,6279
3196,6366
34541,6366
1303,6375
2127,6375
2337,6375
108,6378
706,6378
44975,6378
6394,6430
6395,6430
6396,6430
21232,6487
36225,6487
9120,6492
18955,6492
8047,6508
71767,6508
13566,6621
17727,6621
69514,6621
1200,6649
11073,6649
19314,6649
20765,6668
20766,6668
32208,6735
34154,6735
1513,6757
2699,6757
19653,6757
22248,6757
48787,6757
790,6759
1162,6759
7637,6759
59027,6763
59028,6763
59190,6763
59191,6763
18060,6765
33461,6765
43349,6765
43350,6765
43351,6765
976,6778
977,6778
2572,6778
800,6788
10349,6788
579,6800
4344,6800
20795,6800
25853,6800
2253,6804
21481,6804
90,6849
17677,6849
58685,6880
58686,6880
108,6966
198,6966
6380,6997
9025,6997
11294,6997
90,7031
3513,7031
940,7033
1766,7033
5201,7033
62108,7049
62109,7049
11258,7055
12433,7055
8231,7090
12499,7090
1413,7094
23554,7094
31912,7094
580,7105
913,7105
1302,7105
7331,7105
25853,7105
855,7120
17595,7120
23026,7120
46066,7120
19691,7127
25220,7127
90,7135
2699,7135
18952,7135
26103,7186
34159,7186
34160,7186
34161,7186
12096,7210
30625,7210
30626,7210
3974,7231
22659,7231
22660,7231
22661,7231
1615,7252
16653,7252
49541,7252
18501,7257
71476,7257
8694,7261
9183,7261
9184,7261
2253,7273
12806,7273
21769,7273
31586,7273
37091,7273
6753,7344
7331,7344
55458,7344
8815,7358
8816,7358
8817,7358
8818,7358
5889,7380
5890,7380
29,7381
1789,7381
10936,7381
43045,7425
43046,7425
12079,7484
12473,7484
14000,7484
12962,7550
49427,7550
49428,7550
8463,7580
8464,7580
12542,7580
30832,7580
30833,7580
61978,7580
77705,7580
21133,7594
21134,7594
2589,7595
6540,7595
63148,7618
63149,7618
2116,7655
2320,7655
3513,7655
4344,7655
7143,7658
16615,7658
52035,7658
2127,7665
47387,7665
42,7667
17168,7667
51195,7667
6142,7668
11621,7668
14259,7668
14260,7668
1029,7691
1030,7691
1031,7691
20924,7693
39971,7693
659,7707
3196,7707
6479,7707
6823,7707
13600,7707
10579,7712
19852,7712
29423,7712
111,7719
112,7719
46602,7719
24992,7799
31766,7799
31767,7799
31768,7799
4659,7807
37711,7807
5201,7813
32012,7813
12773,7886
19433,7886
3125,7890
33464,7890
2700,7908
3902,7908
7331,7908
12988,7908
12989,7908
12164,7912
21081,7912
943,7915
4997,7915
13020,7915
7331,7919
33775,7919
62488,7919
13149,7951
14452,7951
14453,7951
2984,7954
7715,7954
8716,7954
9120,7954
854,7964
1716,7964
2572,7964
35113,7964
8781,7989
26193,7989
29095,7997
36516,7997
1848,8038
3253,8038
2572,8049
36041,8049
18952,8059
47841,8059
854,8065
17595,8065
24221,8065
12164,8075
12562,8075
21081,8075
45216,8081
69804,8081
23327,8096
23328,8096
42553,8105
42554,8105
42555,8105
15144,8142
56975,8142
56976,8142
1991,8168
5672,8168
10849,8168
25715,8168
20918,8176
47898,8176
905,8216
12806,8216
21769,8216
10850,8230
18601,8230
913,8303
18952,8303
25842,8303
533,8310
7714,8310
7715,8310
7342,8339
7343,8339
800,8354
4094,8354
32302,8354
47070,8354
5208,8358
53854,8358
1328,8362
34153,8362
944,8373
2887,8373
2888,8373
2889,8373
2669,8412
3557,8412
27451,8422
27452,8422
27453,8422
27454,8422
27455,8422
198,8470
854,8470
11621,8470
28718,8470
31589,8470
913,8477
5208,8477
10010,8477
7331,8516
8781,8516
20775,8516
10704,8528
19721,8528
22700,8538
30957,8538
34714,8574
34715,8574
34716,8574
34717,8574
18039,8639
18040,8639
18457,8655
18458,8655
26972,8657
37129,8657
25842,8752
58256,8752
579,8774
1716,8774
1848,8774
12433,8774
24884,8789
24885,8789
24886,8789
24887,8789
24888,8789
36165,8831
36166,8831
635,8844
2066,8844
990,8868
28576,8868
29520,8868
659,8870
5297,8870
18952,8870
8464,8885
58736,8885
74482,8885
74483,8885
76664,8885
76665,8885
53354,8904
53355,8904
53356,8904
53357,8904
18178,8910
27021,8910
36946,8919
45196,8919
1991,8934
7332,8934
9854,8934
2116,8978
9923,8978
18155,8978
540,9021
12164,9021
29460,9034
34491,9034
34492,9034
32469,9074
63117,9074
543,9095
944,9095
1303,9095
4078,9095
11458,9095
46035,9095
46036,9095
46037,9095
275,9114
1716,9114
2417,9114
11613,9114
2066,9127
41937,9127
659,9219
18952,9219
30718,9246
30719,9246
30720,9246
30721,9246
3252,9273
4092,9273
11589,9273
18952,9273
25842,9273
47404,9273
97,9300
98,9300
99,9300
27993,9316
27995,9316
42330,9316
47521,9327
47522,9327
8210,9351
32470,9351
42877,9351
16615,9352
30826,9352
38942,9352
38943,9352
38944,9352
1303,9383
6823,9383
17024,9383
17715,9383
19677,9383
29941,9397
79925,9397
1977,9407
7143,9407
10142,9407
10261,9407
16615,9407
37743,9407
44398,9407
13347,9420
13348,9420
13349,9420
13363,9437
13364,9437
13365,9437
9568,9444
28446,9444
940,9455
2116,9455
14412,9455
30971,9455
80102,9471
80103,9471
80104,9471
80105,9471
659,9480
9901,9480
108,9505
2056,9505
1614,9511
1615,9511
1616,9511
1617,9511
3196,9515
10936,9515
15020,9515
20685,9515
2699,9517
9568,9517
11773,9517
27682,9541
27684,9541
10474,9543
17483,9543
1146,9552
22700,9552
39708,9552
4883,9568
4884,9568
4885,9568
4886,9568
55696,9605
55697,9605
55698,9605
55699,9605
2984,9619
3513,9619
33365,9619
1958,9630
1959,9630
2055,9636
18060,9636
21252,9636
77725,9636
77726,9636
634,9678
2066,9678
28105,9678
48839,9678
19653,9688
62984,9688
30708,9705
63353,9705
914,9712
20149,9712
25921,9712
47419,9712
659,9718
26173,9718
52395,9718
113,9726
2307,9726
74187,9726
77483,9726
533,9727
15411,9727
286,9732
287,9732
288,9732
11290,9844
17632,9844
18980,9880
32285,9880
31388,9908
31389,9908
31390,9908
31391,9908
578,9913
21049,9913
26838,9913
35185,9913
52319,9913
37618,9922
37619,9922
37620,9922
3832,9942
63358,9942
2253,9945
23195,9945
40370,9945
40371,9945
5004,9997
5005,9997
5006,9997
10287,10043
21683,10043
20233,10056
20234,10056
20235,10056
90,10066
3513,10066
3514,10066
19160,10066
29,10080
5854,10080
25777,10080
13601,10111
17678,10111
17941,10111
20775,10111
59093,10120
59094,10120
59095,10120
59096,10120
9161,10146
49775,10146
20837,10160
24560,10160
1716,10201
4147,10201
9571,10240
18680,10240
20668,10240
51768,10240
5286,10246
5287,10246
25842,10247
27024,10247
31802,10247
31803,10247
28,10267
40088,10267
49733,10267
914,10342
12304,10342
2456,10350
32917,10350
2456,10356
13176,10356
19721,10408
23950,10408
37764,10408
41417,10436
41418,10436
41419,10436
26458,10443
26459,10443
26460,10443
2053,10466
2228,10466
11616,10466
52701,10466
18251,10487
30955,10487
59827,10541
59828,10541
58781,10603
58782,10603
58783,10603
1399,10623
19163,10623
19164,10623
1610,10656
25844,10656
90,10665
854,10665
5208,10665
43151,10665
1519,10713
3773,10713
11476,10713
19130,10717
29829,10717
10411,10775
11258,10775
26174,10775
47593,10775
6889,10784
30655,10784
30656,10784
30657,10784
46076,10806
46077,10806
11250,10868
47106,10868
19792,10882
19793,10882
19794,10882
460,10902
46262,10902
2116,10948
16432,10948
7776,10951
18453,10951
990,10973
17283,10973
28699,10973
11290,10978
22700,10978
73461,10978
1288,11048
1610,11048
27427,11056
59022,11056
59023,11056
59034,11078
59035,11078
1402,11113
1513,11113
1547,11113
2154,11113
32230,11113
32231,11113
21611,11161
27682,11161
52890,11161
21356,11168
27945,11168
31644,11208
79242,11208
79243,11208
40536,11218
40537,11218
5452,11240
40088,11240
40089,11240
23985,11242
25064,11242
9120,11243
12040,11243
3832,11246
3833,11246
7329,11258
40908,11258
40909,11258
40910,11258
4701,11276
28184,11276
2572,11278
8122,11278
663,11342
2153,11342
5372,11342
1398,11350
1399,11350
7805,11377
23668,11377
33913,11377
1991,11398
1992,11398
3513,11409
38224,11409
5854,11414
14260,11414
59207,11513
59208,11513
59209,11513
11513,11532
13149,11532
20889,11532
37865,11532
37866,11532
7329,11550
32019,11550
53964,11550
59192,11591
59193,11591
59194,11591
1610,11598
3905,11598
9149,11598
3983,11618
24662,11618
28475,11618
944,11621
4077,11621
4078,11621
2307,11641
17006,11641
19142,11641
21297,11641
22725,11641
58706,11641
1716,11645
4214,11645
26253,11645
53699,11645
53700,11645
63240,11660
63241,11660
272,11674
18559,11674
62787,11674
664,11690
18546,11690
80629,11690
580,11692
5207,11692
5208,11692
48396,11692
48397,11692
5889,11740
48484,11740
29,11758
30557,11758
71644,11763
71645,11763
12473,11815
14000,11815
55460,11815
1106,11826
54941,11826
1643,11887
4077,11887
18519,11887
26150,11887
17283,11888
21692,11888
30503,11888
2410,11901
2412,11901
14983,11909
19653,11909
31964,11926
31965,11926
9879,11938
9880,11938
4655,11983
10850,11983
38897,11983
1848,12014
47111,12014
1106,12018
10671,12018
19740,12037
23502,12037
13466,12050
24268,12050
67169,12050
80231,12050
80232,12050
12911,12054
12912,12054
12913,12054
5596,12066
18058,12066
23574,12066
1789,12070
10938,12070
16923,12070
8463,12075
15129,12075
18680,12075
51260,12075
8463,12088
8464,12088
12542,12088
30832,12088
56563,12088
61978,12088
580,12129
1716,12129
11736,12129
15237,12129
1303,12180
1610,12180
2411,12180
7331,12180
28191,12184
47221,12184
8076,12200
30868,12200
13034,12215
28224,12215
32300,12215
32301,12215
32303,12215
32304,12215
36709,12265
36710,12265
1214,12336
11621,12336
19137,12336
13898,12338
14788,12338
15129,12338
2066,12387
28527,12387
28670,12387
18955,12391
32019,12391
7763,12405
13264,12405
7775,12422
7776,12422
26557,12422
1213,12428
28727,12428
1638,12434
7219,12434
602,12438
12092,12438
12542,12500
73257,12500
59063,12559
59064,12559
656,12563
18860,12563
22340,12563
10579,12567
20073,12567
659,12590
7331,12590
13600,12590
5168,12593
44013,12593
658,12627
26173,12627
32466,12627
32467,12627
14675,12640
28104,12640
28105,12640
6692,12648
17470,12648
18463,12672
38663,12672
12993,12712
37389,12712
13318,12735
52348,12735
1751,12751
1752,12751
198,12822
19970,12822
11290,12833
19006,12833
2320,12839
9210,12839
21252,12854
21253,12854
2063,12860
26263,12860
15249,12861
38340,12861
38341,12861
38342,12861
2572,12904
5672,12904
1403,12945
8680,12945
8681,12945
8682,12945
8683,12945
8684,12945
2053,12975
25136,12975
1719,12980
19250,12980
40671,12981
40672,12981
40673,12981
940,12994
2116,12994
7026,12994
13466,12994
8076,13025
12164,13025
2887,13068
20080,13068
2863,13075
7142,13075
9568,13077
12985,13077
4092,13089
20555,13089
12962,13090
32846,13090
5066,13110
5067,13110
5068,13110
1160,13113
20667,13113
32227,13113
24475,13127
35239,13127
12164,13137
24989,13137
24990,13137
2253,13161
3134,13161
43304,13161
3974,13181
18246,13181
19959,13181
19179,13193
19180,13193
15268,13222
19653,13222
5201,13246
17295,13246
48391,13246
2253,13267
11223,13267
8515,13286
8516,13286
1941,13399
1942,13399
71041,13399
76291,13399
3050,13404
3051,13404
3052,13404
3053,13404
2987,13405
42179,13405
602,13426
1357,13426
11862,13426
11863,13426
189,13433
16191,13433
19653,13433
31348,13433
1977,13474
8591,13474
8957,13474
9756,13474
9757,13474
9758,13474
15894,13515
15895,13515
1797,13523
6575,13523
20848,13523
27896,13523
38341,13532
43382,13532
99,13566
1160,13566
21110,13566
19704,13605
44349,13605
1848,13632
18640,13632
6082,13637
23195,13637
1844,13659
1941,13659
1942,13659
1944,13659
1945,13659
44515,13659
44516,13659
2572,13662
18639,13662
23060,13662
28126,13662
28127,13662
1716,13668
51494,13668
21048,13670
21049,13670
51377,13670
7330,13696
8209,13696
30124,13707
30125,13707
30126,13707
59138,13709
59139,13709
59140,13709
59141,13709
1643,13725
9915,13725
9916,13725
47087,13725
1413,13731
4714,13731
4344,13744
20479,13744
20480,13744
41164,13744
5672,13749
29415,13749
13149,13760
13150,13760
1866,13771
2566,13771
18158,13771
20831,13771
25026,13790
25027,13790
25028,13790
10474,13795
11024,13795
17483,13795
6481,13796
8209,13796
17283,13796
21692,13796
28699,13796
4805,13842
5227,13842
9575,13868
17465,13868
17466,13868
1719,13873
17470,13873
1716,13876
2983,13876
66197,13876
1716,13881
5016,13881
5017,13881
7120,13885
7121,13885
13150,13895
22125,13895
53005,13939
53006,13939
14228,13946
58630,13946
19250,14003
38762,14003
38763,14003
1106,14028
1766,14028
5519,14055
5520,14055
14412,14059
18680,14059
20668,14059
23026,14070
53656,14070
11984,14144
17567,14144
49532,14144
2214,14150
13898,14150
14415,14150
20808,14150
23572,14150
32070,14150
20684,14169
20685,14169
854,14185
1756,14185
9901,14185
59102,14186
59103,14186
59104,14186
24524,14198
24525,14198
658,14202
2320,14202
12285,14202
22981,14202
2409,14224
22423,14224
21284,14273
22165,14273
1610,14303
2214,14303
3125,14303
2699,14304
6539,14304
46357,14304
1756,14313
9901,14313
17136,14313
26139,14313
56023,14313
11984,14317
39123,14317
24087,14340
24089,14340
13600,14353
17941,14353
11072,14373
11073,14373
9915,14382
9916,14382
77384,14382
5672,14418
11258,14418
30321,14453
30322,14453
8210,14499
11736,14499
14412,14499
17295,14499
90,14510
2055,14510
6142,14510
12285,14510
13150,14510
38155,14518
38156,14518
7094,14544
34212,14544
7715,14563
42423,14563
18458,14604
34594,14604
22661,14614
30822,14614
70938,14614
659,14618
20837,14618
24560,14618
25918,14618
2227,14638
12499,14638
39095,14638
10261,14684
16615,14684
4211,14712
4212,14712
15779,14714
44320,14714
44321,14714
8716,14722
10885,14722
1402,14733
1513,14733
23060,14733
31387,14733
8209,14758
37671,14758
37427,14765
53028,14765
20440,14769
45580,14769
10476,14822
48942,14822
6479,14833
27655,14833
43540,14833
44261,14833
16432,14886
55169,14886
1357,14906
49421,14906
1719,14923
4349,14923
28527,14927
75686,14927
13577,14955
20480,14955
23798,14955
17727,14960
33251,14960
64219,14960
7505,14967
10850,14967
17965,14981
19610,14981
7219,14995
11257,14995
28348,14995
51690,14995
18,15030
1092,15030
1213,15030
1214,15030
3092,15030
14939,15030
14940,15030
14941,15030
14942,15030
14943,15030
14944,15030
22260,15040
54239,15040
15273,15043
17195,15043
29196,15043
6453,15101
6454,15101
919,15139
1413,15139
12473,15139
16432,15201
45971,15201
11736,15216
14412,15216
17295,15216
22271,15216
544,15238
11073,15238
26644,15285
37441,15285
37442,15285
578,15304
20795,15304
7121,15310
49745,15310
49746,15310
7762,15347
7763,15347
9184,15369
11205,15369
56782,15369
16614,15402
31271,15402
48372,15402
1848,15409
17940,15409
11545,15416
23261,15416
43067,15416
2310,15439
8957,15439
23625,15439
41988,15451
41989,15451
41990,15451
23060,15455
49249,15455
17567,15515
31699,15515
3502,15525
17949,15525
90,15537
5201,15537
13901,15537
41144,15537
41145,15537
2055,15546
4077,15546
31829,15546
37155,15546
6584,15548
6585,15548
1513,15569
7331,15569
11304,15572
11305,15572
37824,15577
37825,15577
3252,15594
19653,15594
21253,15594
35134,15594
7026,15684
13731,15684
61268,15684
2063,15714
11242,15714
11243,15714
11244,15714
2699,15715
19653,15715
27801,15716
54552,15716
54553,15716
2141,15787
12317,15787
23321,15815
23322,15815
8694,15831
39093,15831
42,15897
17168,15897
33459,15897
58984,15905
58985,15905
913,15911
4608,15911
4609,15911
77691,15913
77692,15913
77693,15913
10411,15914
11258,15914
2141,15927
63404,15927
21284,15945
22165,15945
37917,15945
46690,15945
9120,15946
9571,15946
10936,15953
18417,15953
20668,15953
1029,16002
1547,16002
1716,16002
3195,16002
3984,16002
1615,16056
7755,16056
7763,16056
3231,16063
13201,16063
41374,16063
706,16096
826,16096
41547,16096
14675,16104
28657,16104
2568,16105
9025,16105
11294,16105
19691,16125
19692,16125
33285,16235
44657,16235
29460,16262
38351,16262
13515,16292
56949,16292
2985,16348
4223,16348
4224,16348
4225,16348
1797,16350
4147,16350
13577,16350
14412,16350
20848,16350
22931,16350
26746,16350
57794,16350
64277,16350
64278,16350
64279,16350
9184,16388
79473,16388
3526,16438
10289,16438
533,16450
940,16450
13392,16450
17965,16450
800,16453
801,16453
1414,16520
47796,16520
3252,16525
8464,16525
23571,16525
61978,16525
63275,16550
63276,16550
12435,16605
12436,16605
59987,16605
7219,16615
11458,16615
33310,16615
50111,16615
1789,16628
11179,16628
3822,16630
3823,16630
1399,16632
41373,16632
51364,16635
51365,16635
2887,16644
30288,16644
60354,16644
2669,16646
10377,16646
5372,16668
15943,16668
2154,16676
13697,16676
16571,16694
44545,16694
44546,16694
44547,16694
1257,16703
1610,16703
31711,16703
13566,16723
20617,16723
59916,16723
21059,16727
21060,16727
2116,16734
7026,16734
11544,16734
44190,16734
4093,16739
4094,16739
1844,16770
1944,16770
13551,16770
19903,16770
19904,16770
10165,16790
21112,16790
12473,16830
17284,16830
5851,16846
5852,16846
15272,16846
2320,16850
8210,16850
15249,16850
10253,16852
13600,16852
2227,16865
27652,16865
8083,16936
9025,16936
941,16947
2169,16947
2625,16947
12098,16947
35840,16947
107,16962
854,16962
2699,16962
47087,16980
48989,16980
48990,16980
48991,16980
48992,16980
2983,16984
3983,16984
42840,16984
5168,16985
12156,16985
5129,16992
6823,16992
20668,16992
25386,16992
18859,17008
18860,17008
22340,17008
3513,17040
52956,17040
60593,17040
77698,17040
77699,17040
21430,17050
30367,17050
33205,17050
45275,17050
45276,17050
63230,17081
63231,17081
11418,17115
19572,17115
29055,17115
11164,17152
54959,17152
8395,17157
10671,17157
36465,17157
1403,17181
19572,17181
20188,17181
11621,17188
19137,17188
2127,17203
51370,17203
1513,17216
7331,17216
11545,17216
19314,17259
53917,17259
34545,17271
68187,17271
68188,17271
8783,17274
14406,17274
32301,17280
62590,17280
62591,17280
16614,17290
16615,17290
1303,17303
2374,17303
2987,17317
47087,17317
977,17332
17284,17332
31589,17332
41078,17332
11258,17343
14412,17343
22700,17343
198,17345
1513,17345
2699,17352
17727,17352
28686,17352
50352,17376
50353,17376
4307,17400
10474,17400
17470,17402
24688,17402
20918,17426
45626,17426
1610,17453
52305,17453
3974,17456
4957,17456
14412,17456
16920,17456
18447,17456
21430,17456
1992,17457
55258,17457
2571,17551
22780,17551
42639,17551
9562,17577
17483,17577
663,17614
1716,17614
11418,17614
13613,17614
905,17619
16909,17619
19008,17619
19564,17619
2320,17635
2456,17635
63341,17636
63342,17636
7755,17640
16646,17640
8210,17648
9922,17648
90,17702
2053,17702
3513,17702
29029,17718
77694,17718
22711,17800
22712,17800
13149,17803
16191,17803
22711,17803
13515,17836
28802,17836
11916,17863
11917,17863
11918,17863
990,17883
1351,17883
4092,17971
12039,17971
12040,17971
1031,18095
7586,18095
28372,18095
4714,18105
7329,18105
17094,18105
18246,18105
19740,18105
33288,18105
69943,18105
33616,18140
33618,18140
73944,18140
73945,18140
73946,18140
22984,18154
22985,18154
23685,18154
23686,18154
656,18200
18860,18200
19985,18200
5016,18202
46249,18202
8591,18212
11968,18212
12079,18231
12985,18231
826,18241
33474,18241
9076,18246
10192,18246
1106,18264
1755,18264
4657,18267
21231,18267
21232,18267
18155,18275
66206,18275
66207,18275
18022,18302
21252,18302
21253,18302
21254,18302
2053,18316
31829,18316
11164,18320
11165,18320
578,18355
18639,18355
35185,18355
634,18383
2066,18383
24524,18383
48839,18383
10671,18421
12194,18421
12195,18421
579,18436
29214,18436
39943,18436
18561,18440
29877,18440
9025,18456
21340,18456
6183,18478
6184,18478
4915,18479
8881,18479
13369,18479
2053,18485
28832,18485
28833,18485
28834,18485
77717,18501
77718,18501
33120,18522
33121,18522
6142,18539
24160,18539
24161,18539
4136,18567
4137,18567
4138,18567
11256,18569
11257,18569
24267,18569
68145,18569
108,18582
2269,18582
9901,18582
659,18595
26173,18595
64223,18595
1302,18648
1303,18648
2374,18648
19538,18648
4888,18652
51612,18652
51613,18652
12285,18666
36246,18666
2985,18667
5460,18667
1788,18739
41025,18739
22711,18747
24853,18747
24854,18747
9149,18760
63388,18760
578,18766
13898,18766
15129,18766
17380,18766
20808,18766
20553,18773
20554,18773
27361,18773
8075,18779
9120,18779
12040,18779
1848,18788
3253,18788
8717,18788
28475,18789
62488,18789
64150,18789
51169,18832
51170,18832
4398,18835
45853,18835
45854,18835
818,18847
5672,18847
32804,18916
64322,18916
18449,18920
18450,18920
63338,18982
63339,18982
63340,18982
59086,19004
59087,19004
1806,19005
19468,19005
3902,19006
31113,19006
7763,19015
25777,19015
63295,19018
63296,19018
8083,19022
31337,19022
3251,19036
3252,19036
3253,19036
12433,19036
3918,19101
39611,19101
2699,19103
17900,19103
29784,19103
24476,19106
34466,19106
855,19117
7329,19117
9901,19117
19534,19117
37171,19167
37172,19167
37173,19167
4307,19205
9025,19205
18521,19205
6036,19208
6037,19208
1403,19223
2253,19223
2374,19223
21769,19223
37091,19223
54699,19223
23851,19226
33923,19226
8215,19232
36328,19232
89,19276
914,19276
47419,19276
80423,19276
5208,19307
17706,19307
14116,19322
14117,19322
14118,19322
5208,19336
49263,19336
20617,19360
59971,19360
13566,19361
20684,19361
22822,19361
2116,19367
13392,19367
15884,19367
10579,19384
32730,19384
19356,19409
26173,19409
34772,19409
34773,19409
8083,19420
22815,19420
31255,19420
2699,19435
2700,19435
2572,19437
53629,19437
79462,19437
23337,19457
23338,19457
5452,19472
41701,19472
2169,19478
10261,19478
24688,19478
24689,19478
28431,19478
2484,19483
18971,19483
28766,19483
29016,19495
29017,19495
1610,19510
11250,19510
35536,19510
1413,19532
16746,19532
4136,19535
6730,19535
10579,19546
30481,19546
1402,19547
1673,19547
35467,19547
90,19582
18105,19582
52095,19582
57843,19582
33701,19620
33702,19620
5452,19626
18231,19626
23405,19626
7805,19659
26250,19659
28191,19659
60301,19662
60395,19662
1357,19666
14309,19666
43537,19666
2424,19667
2425,19667
1403,19695
3513,19695
23652,19709
23653,19709
31643,19739
31644,19739
31645,19739
8463,19768
50144,19768
4091,19781
30708,19781
8210,19803
14385,19803
42278,19803
1403,19807
33031,19807
90,19869
855,19869
23414,19869
67326,19881
67327,19881
67328,19881
460,19893
461,19893
969,19905
17136,19905
21139,19905
1327,19912
21793,19912
23195,19912
24130,19928
63106,19928
10543,19956
13980,19956
2985,19999
8717,19999
8783,19999
17136,19999
25971,20019
53564,20019
2573,20029
22659,20029
25601,20029
33430,20029
64256,20029
5201,20051
13613,20051
18476,20051
1903,20054
5254,20054
5255,20054
9385,20061
10737,20061
1202,20069
1755,20069
1756,20073
9901,20073
20989,20073
17713,20074
52128,20074
52129,20074
12541,20101
12542,20101
1642,20121
1643,20121
45122,20129
45123,20129
45124,20129
45125,20129
1975,20208
39854,20208
11024,20221
63376,20221
7288,20238
11766,20238
11767,20238
11768,20238
11769,20238
59286,20242
59287,20242
59288,20242
59121,20248
59122,20248
59123,20248
53107,20267
53108,20267
2063,20283
2064,20283
2065,20283
2066,20283
46278,20283
1807,20285
11497,20285
11498,20285
2053,20299
2090,20299
5208,20299
7805,20299
51794,20299
10849,20319
25715,20319
28290,20319
198,20332
17483,20332
23338,20332
19959,20333
48849,20333
19798,20380
19799,20380
2066,20408
3251,20408
21254,20408
33931,20408
33932,20408
15020,20417
30112,20417
30113,20417
7329,20428
7330,20428
7331,20428
7332,20428
28276,20441
63464,20441
1132,20448
5758,20448
41643,20448
46566,20448
1403,20456
1413,20456
7330,20490
45817,20490
12338,20537
24668,20537
24669,20537
6479,20549
12285,20549
24236,20606
24237,20606
58253,20606
1214,20625
10543,20625
13981,20625
2699,20676
12773,20676
4092,20680
27066,20680
10411,20682
28250,20682
9184,20702
11205,20702
1201,20714
5450,20714
17754,20714
108,20753
48888,20753
48889,20753
8781,20871
17727,20871
20775,20871
196,20883
197,20883
10286,20889
18178,20889
14267,20910
14268,20910
8602,20926
8603,20926
789,20933
790,20933
940,20933
1162,20933
2985,20933
11545,20933
1610,20985
16138,20985
28765,20985
28766,20985
28767,20985
58454,21002
58455,21002
11309,21007
21683,21007
30113,21007
77728,21007
12473,21018
18022,21018
29826,21018
29827,21018
29828,21018
22029,21024
48044,21024
48045,21024
24667,21034
46657,21034
46658,21034
2984,21040
2986,21040
10253,21040
52179,21044
52180,21044
17565,21071
33350,21071
13600,21084
18058,21084
37721,21084
2066,21140
3251,21140
11588,21140
17965,21140
28657,21140
51188,21204
51189,21204
533,21230
7715,21230
17965,21230
1106,21245
45057,21245
3499,21258
3500,21258
3501,21258
3502,21258
1299,21332
1716,21332
12164,21333
13963,21333
44877,21333
63081,21346
63082,21346
1214,21353
11179,21353
12691,21353
30321,21353
77650,21353
7537,21354
7538,21354
4092,21419
33461,21419
43351,21419
5207,21425
6209,21425
18860,21455
22340,21455
71201,21455
19354,21483
19355,21483
19356,21483
1610,21596
2053,21596
40271,21603
40272,21603
603,21608
8432,21608
8434,21608
8528,21608
18498,21615
30684,21615
111,21635
3425,21635
29498,21635
53284,21635
90,21662
3253,21662
8717,21662
56652,21662
17893,21678
42785,21678
42786,21678
8694,21736
9249,21736
466,21767
4655,21767
5448,21767
5449,21767
90,21770
22711,21770
2056,21771
42377,21771
42378,21771
1303,21774
1414,21774
12656,21774
3196,21797
5835,21797
854,21861
1302,21861
1797,21861
31525,21863
53435,21863
5596,21889
30957,21889
45675,21889
2056,21927
11290,21927
42377,21927
1160,21976
15129,21976
22995,21976
19721,21980
37764,21980
63105,21980
1716,22006
26253,22006
42701,22006
59142,22008
59143,22008
40059,22042
40060,22042
42838,22042
9960,22055
10567,22055
10568,22055
10165,22056
36091,22056
36092,22056
2066,22092
33201,22092
48839,22092
71163,22092
4663,22095
4664,22095
46331,22131
46332,22131
12773,22134
26365,22134
27801,22301
63125,22301
1329,22305
2116,22305
49070,22305
977,22338
49118,22338
49119,22338
49120,22338
21622,22354
33182,22354
33183,22354
20174,22356
32019,22356
198,22363
33285,22363
21223,22375
21224,22375
3196,22378
4344,22378
4398,22378
40197,22434
40198,22434
40199,22434
22977,22462
22978,22462
9958,22470
9959,22470
9960,22470
63382,22547
63383,22547
63144,22548
63145,22548
63405,22548
48865,22555
48866,22555
27076,22557
27077,22557
27078,22557
27079,22557
27080,22557
1092,22596
12092,22596
79508,22596
914,22617
2253,22617
7329,22644
7331,22644
27746,22648
27747,22648
8694,22672
39093,22672
39094,22672
7143,22696
21036,22696
11545,22702
16116,22702
20795,22702
45216,22702
46456,22702
1716,22714
2985,22714
12195,22714
35062,22714
27682,22716
27683,22716
27684,22716
5596,22747
14193,22747
578,22764
2310,22764
16116,22788
16117,22788
4831,22793
4832,22793
2699,22811
9568,22811
29873,22811
1796,22822
1797,22822
38590,22822
31642,22862
62242,22862
2255,22886
17596,22886
21683,22886
14412,22907
67489,22907
72231,22907
58788,22944
58789,22944
7125,22978
32810,22978
37557,22978
3973,22989
3974,22989
18447,22995
22987,22995
71592,22995
71593,22995
71594,22995
71595,22995
58995,23008
58996,23008
58997,23008
679,23037
1789,23037
1895,23037
35326,23037
801,23068
14228,23068
17529,23072
17530,23072
7221,23081
25844,23081
45669,23109
45670,23109
29,23112
5854,23112
12532,23128
18447,23128
18448,23128
29027,23128
63198,23169
63199,23169
17094,23173
19740,23173
33288,23173
59235,23203
59236,23203
30664,23247
30665,23247
11726,23296
14329,23296
1977,23335
8957,23335
16615,23335
18181,23335
32468,23345
32469,23345
10064,23361
10065,23361
10066,23361
20918,23367
44971,23367
18,23373
1565,23373
6142,23379
15044,23379
21577,23379
28417,23379
47224,23389
47225,23389
18785,23392
18786,23392
4091,23396
4092,23396
11305,23424
11465,23424
1716,23427
4214,23427
1311,23433
1312,23433
30640,23433
30641,23433
30642,23433
913,23459
46032,23459
46033,23459
46034,23459
59136,23460
59137,23460
533,23463
7715,23463
14415,23463
15411,23463
25844,23463
21715,23523
31809,23523
38122,23523
38123,23523
38124,23523
30881,23543
48884,23543
3381,23547
3382,23547
10142,23589
11644,23589
18501,23599
23615,23599
25918,23599
30420,23599
79252,23701
79253,23701
79254,23701
580,23723
17390,23723
17391,23723
17392,23723
17393,23723
8464,23724
20698,23724
17447,23766
32820,23766
44840,23766
52509,23767
52510,23767
52511,23767
3502,23779
18395,23779
21156,23781
46753,23781
12433,23840
18972,23840
59240,23845
59241,23845
59242,23845
2699,23859
19653,23859
20990,23859
22029,23873
46999,23873
13033,23898
13034,23898
19572,23901
43870,23901
35239,23913
77686,23913
77687,23913
77688,23913
461,23927
663,23927
7805,23927
11294,23941
54089,23941
63083,23946
63084,23946
5728,23957
5729,23957
5730,23957
5129,23969
6823,23969
21517,23969
25386,23969
4659,23977
6353,23977
1200,24093
9161,24093
17754,24093
40371,24093
108,24127
2572,24127
19959,24127
533,24170
3513,24170
7715,24170
17707,24170
30709,24172
30710,24172
6321,24186
16909,24186
19008,24186
19564,24186
543,24223
943,24223
10286,24225
29122,24225
20683,24251
20684,24251
13149,24262
37865,24262
25922,24290
37463,24290
26,24323
27,24323
658,24329
12473,24329
18022,24329
47627,24329
663,24377
1756,24377
4761,24377
8591,24386
18793,24386
30147,24386
579,24417
26174,24417
29214,24417
5207,24446
27476,24446
27477,24446
14787,24479
14788,24479
14789,24479
4213,24487
4214,24487
90,24494
38124,24494
17754,24526
23080,24526
3902,24530
13713,24530
38096,24550
64142,24550
8463,24566
18952,24566
23810,24566
24992,24566
27722,24566
58256,24566
64866,24578
71476,24578
77652,24578
8210,24597
41073,24597
1716,24643
2572,24643
35113,24643
8210,24657
12285,24657
32470,24657
20174,24659
23414,24659
75329,24659
32074,24687
59195,24687
90,24757
45689,24757
55324,24759
55325,24759
55326,24759
31184,24791
31185,24791
6493,24795
63990,24795
1140,24832
1141,24832
27801,24846
27802,24846
1213,24867
4714,24867
20480,24867
21241,24867
18354,24910
52451,24910
52452,24910
12532,24941
12533,24941
18971,24941
30499,24941
1303,24955
11458,24955
20081,24955
1303,24980
1414,24980
5899,24980
6479,24980
6823,24980
41380,24980
9979,25011
14205,25011
14206,25011
59015,25045
59016,25045
2253,25077
3134,25077
25402,25077
24086,25080
24087,25080
24088,25080
24089,25080
17004,25113
17005,25113
17006,25113
17007,25113
17008,25113
17009,25113
17010,25113
1992,25139
2456,25139
46382,25139
7775,25168
20480,25168
45570,25168
34712,25214
34713,25214
21615,25298
21616,25298
34635,25298
1414,25326
15289,25326
3974,25335
22661,25335
30822,25335
18860,25341
19356,25341
1199,25381
1200,25381
1201,25381
2214,25383
18396,25383
22995,25394
26245,25394
1302,25399
2018,25399
5037,25399
34540,25399
1610,25406
2053,25406
8395,25406
11250,25406
9149,25414
12168,25414
706,25421
20989,25421
9121,25428
64270,25428
68146,25428
1402,25471
1513,25471
1673,25471
7331,25471
7755,25485
11073,25485
1202,25581
4147,25581
11458,25581
26986,25583
26987,25583
36155,25603
36156,25603
36157,25603
108,25626
2269,25626
4997,25626
31642,25631
50770,25631
50771,25631
21240,25669
21241,25669
4132,25678
14118,25678
63352,25678
77568,25678
1797,25698
18155,25698
20848,25698
32102,25698
579,25703
13613,25703
30710,25703
13201,25704
45126,25704
11291,25725
34038,25725
108,25731
1403,25731
5596,25745
24061,25745
24062,25745
824,25759
28957,25759
28348,25810
59835,25810
14468,25824
14469,25824
9120,25855
9121,25855
19928,25873
21548,25873
42837,25873
63385,25875
63386,25875
63387,25875
2889,25925
4955,25925
4956,25925
4957,25925
943,25954
4997,25954
33706,25954
10579,25966
17097,25966
21574,25966
54652,25966
54653,25966
54654,25966
4306,25977
11024,25977
14432,25987
15272,25987
15273,25987
90,25995
5201,25995
5208,25995
5596,25997
23574,25997
13600,26055
19653,26055
47649,26087
47651,26087
941,26091
2625,26091
69802,26093
69803,26093
818,26139
819,26139
543,26181
914,26181
21481,26181
42838,26181
2066,26199
2699,26199
12962,26199
39447,26199
1403,26215
23195,26215
17863,26229
63098,26229
20831,26300
64284,26300
29805,26304
29806,26304
29807,26304
17278,26316
17279,26316
2144,26346
18068,26346
42031,26346
801,26350
10142,26350
63321,26358
63322,26358
6621,26368
7329,26368
854,26397
18860,26397
19356,26397
27404,26397
29486,26397
29487,26397
2127,26428
12962,26428
51495,26428
21254,26452
22692,26452
659,26520
18498,26520
34392,26520
47814,26520
3513,26539
9289,26539
32300,26549
32301,26549
32302,26549
32303,26549
32304,26549
13566,26564
14415,26564
24992,26564
35937,26564
56811,26564
59376,26564
21563,26598
23026,26598
23414,26598
53656,26598
74773,26598
4914,26602
4915,26602
4916,26602
18520,26621
27500,26621
1806,26684
1807,26684
59079,26692
59080,26692
59081,26692
1214,26753
10543,26753
12096,26753
12806,26753
6055,26765
36328,26765
8075,26774
9120,26774
11588,26774
26701,26774
17595,26782
56777,26782
23851,26788
36134,26788
36135,26788
12164,26804
12165,26804
12166,26804
12167,26804
4668,26859
51901,26859
17495,26881
17678,26881
11626,26902
11627,26902
36557,26912
36558,26912
1311,26913
1312,26913
1313,26913
2483,26919
18448,26919
1797,26941
5207,26941
18155,26941
20553,26941
20668,26941
26746,26941
27896,26941
108,26986
658,26986
4997,26986
107,26998
706,26998
1029,26998
9142,26998
9282,27011
40834,27011
22125,27013
54489,27013
2141,27019
63032,27019
30419,27037
71530,27037
12338,27133
14228,27133
18876,27133
11777,27136
25491,27136
4307,27160
9025,27160
18520,27160
18521,27160
29532,27163
33340,27163
33341,27163
4608,27197
10938,27197
12446,27197
3984,27208
7763,27208
12691,27208
64303,27208
58686,27214
71178,27214
1638,27234
22125,27234
40148,27234
44393,27234
12337,27256
12338,27256
634,27331
9979,27331
80424,27343
80425,27343
2589,27367
55436,27367
2374,27372
18023,27372
18024,27372
914,27376
1160,27376
2889,27376
53421,27376
2055,27418
2056,27418
59282,27429
59283,27429
59093,27451
59264,27451
59265,27451
17713,27473
32097,27473
32098,27473
33445,27492
33446,27492
10474,27521
11024,27521
579,27530
1547,27530
3513,27530
3773,27570
16842,27570
1398,27621
12287,27621
533,27629
8075,27629
20174,27629
22822,27629
29784,27629
7645,27631
7646,27631
854,27633
1756,27633
15129,27672
31985,27672
50364,27692
63254,27692
63255,27692
4093,27735
21155,27735
18247,27753
23279,27753
42,27758
4135,27758
18361,27758
28051,27758
28417,27758
533,27763
11545,27763
18417,27763
22822,27763
28767,27763
35501,27763
51343,27763
18058,27788
18952,27788
25842,27788
4915,27803
21044,27803
37441,27803
1614,27816
11723,27816
64168,27845
64169,27845
1299,27847
1751,27847
5450,27847
49428,27849
54322,27849
5926,27916
5927,27916
2116,27951
16454,27951
25705,27951
13600,27979
17136,27979
1145,27987
1146,27987
1147,27987
198,28013
25142,28013
1788,28031
43918,28031
5672,28050
22749,28050
1944,28093
9922,28093
21018,28093
42877,28093
59388,28093
7376,28102
7377,28102
44455,28122
44456,28122
1060,28125
2417,28125
26225,28125
5596,28136
13392,28136
1977,28178
49409,28178
9025,28179
18521,28179
21044,28213
21611,28213
46039,28214
46040,28214
46041,28214
855,28257
10253,28257
29043,28260
63040,28260
45627,28278
45628,28278
13566,28284
14415,28284
9142,28304
11621,28304
12562,28304
36229,28304
905,28322
41658,28322
71073,28322
71074,28322
71075,28322
2268,28346
13318,28346
20549,28346
27519,28346
53716,28346
19534,28360
39958,28360
2090,28369
7804,28369
20837,28369
47664,28369
47665,28369
29459,28389
29460,28389
65884,28419
65885,28419
65886,28419
2374,28423
11545,28423
706,28427
1402,28427
1403,28427
16639,28427
940,28437
45709,28437
12223,28453
37298,28453
37299,28453
32648,28549
32649,28549
1403,28559
4147,28559
18680,28607
55690,28607
7331,28608
17677,28608
17678,28608
17941,28608
1673,28620
4432,28620
29520,28620
34119,28620
5266,28639
5267,28639
2669,28667
31719,28667
17727,28673
20990,28673
1755,28677
18519,28677
533,28688
13898,28688
15411,28688
1944,28703
5596,28703
21018,28703
579,28704
49778,28704
22029,28723
27024,28723
31803,28723
51917,28723
74291,28754
74292,28754
4660,28835
4661,28835
4662,28835
1092,28867
5927,28867
17098,28873
19740,28873
22661,28873
5250,28885
52756,28885
41643,28902
41644,28902
7053,28903
62842,28903
62843,28903
3251,28979
24900,28979
2393,29048
7006,29048
53959,29048
3832,29049
8083,29049
58974,29073
58975,29073
5250,29082
54981,29082
8957,29099
8958,29099
1716,29149
33851,29149
18131,29175
18132,29175
2985,29218
21048,29218
18682,29230
18683,29230
14385,29245
28699,29245
543,29249
944,29249
1303,29249
4078,29249
11458,29249
46035,29249
79894,29249
79895,29249
13101,29265
26543,29265
26544,29265
26545,29265
4400,29290
21357,29290
56059,29290
1716,29295
4147,29295
5372,29295
4399,29315
6209,29315
52045,29315
941,29450
944,29450
1796,29450
1797,29450
59098,29480
59099,29480
59100,29480
59101,29480
29498,29494
63222,29494
5315,29566
5316,29566
2056,29573
9915,29573
59237,29576
59238,29576
59239,29576
2056,29586
42377,29586
19347,29652
53128,29652
19832,29657
27884,29657
28276,29657
52846,29657
7805,29662
26250,29662
28440,29662
1302,29708
1720,29708
42377,29708
20794,29710
21044,29710
28048,29710
28049,29710
28050,29710
28051,29710
1106,29738
19910,29738
43807,29763
43808,29763
2409,29774
10142,29774
12992,29774
22423,29774
39625,29774
1513,29796
2700,29796
19258,29796
31323,29822
31324,29822
31325,29822
18859,29834
18860,29834
71777,29874
71778,29874
6986,29881
6987,29881
14943,29888
27007,29888
1357,29889
5452,29889
59084,29928
59085,29928
18453,29944
18454,29944
15192,29945
39870,29945
12285,29968
40785,29968
18218,29991
18219,29991
4092,30010
6753,30010
19959,30013
29382,30013
2699,30076
4659,30076
23851,30081
52751,30081
52752,30081
52753,30081
9385,30089
43502,30089
1638,30121
24991,30121
126,30153
8047,30153
8781,30162
50143,30162
913,30163
2984,30163
14045,30163
14046,30163
14047,30163
1716,30176
2700,30176
3902,30176
13318,30185
14260,30185
37887,30235
37888,30235
790,30267
1162,30267
18390,30278
39584,30278
919,30284
1413,30284
8083,30286
63170,30286
1518,30288
13713,30288
7548,30308
20794,30308
20795,30308
1203,30321
1944,30321
6481,30321
9922,30321
4376,30334
39494,30334
706,30348
1513,30348
5201,30348
198,30375
17566,30375
13713,30379
18155,30379
31466,30379
23615,30382
25918,30382
1403,30389
10712,30389
13776,30389
1158,30413
18329,30413
13659,30434
15181,30434
15182,30434
15183,30434
15184,30434
107,30453
826,30453
7331,30453
17740,30453
53772,30453
4715,30473
4716,30473
4717,30473
20997,30495
22815,30495
2863,30512
39526,30512
44684,30512
4254,30513
4255,30513
4256,30513
19826,30533
30356,30533
913,30551
14284,30551
14351,30551
706,30569
21253,30569
11728,30576
11729,30576
2889,30601
13982,30601
14412,30601
24074,30601
11217,30616
28184,30616
7873,30617
11711,30617
5596,30628
33250,30628
17566,30644
22259,30644
25605,30644
1903,30651
1904,30651
17810,30653
29932,30653
34271,30653
34272,30653
2572,30667
33407,30667
634,30675
21428,30675
5130,30687
8210,30687
1959,30702
27791,30702
1975,30742
1977,30742
32373,30742
32374,30742
1029,30745
2571,30745
21360,30768
21361,30768
26557,30827
77733,30827
17098,30843
19740,30843
69744,30843
10286,30853
62603,30853
13100,30860
13101,30860
16923,30862
56262,30862
11245,30869
11246,30869
11247,30869
7339,30911
24302,30911
12541,30913
12984,30913
58986,30924
58987,30924
58988,30924
9562,30937
9563,30937
9564,30937
270,30951
43504,30951
21134,30971
24170,30971
3125,30978
49670,30978
11776,31014
26138,31014
578,31052
8717,31052
21018,31052
21155,31070
21156,31070
59227,31087
59228,31087
59229,31087
59230,31087
59231,31087
10375,31111
10376,31111
10377,31111
543,31114
1766,31114
2053,31114
2054,31114
2055,31114
2056,31114
6628,31116
51812,31116
51813,31116
51814,31116
9799,31138
17566,31138
38111,31138
800,31144
2161,31144
20795,31188
27993,31188
42330,31188
2024,31190
9141,31190
71946,31223
71947,31223
71948,31223
71949,31223
71950,31223
108,31265
706,31265
1402,31265
1403,31265
13600,31266
31348,31266
4214,31273
7763,31273
60624,31310
60625,31310
60626,31310
12587,31312
22719,31312
10411,31313
15129,31313
36134,31313
56181,31313
56182,31313
56183,31313
10287,31382
11458,31382
57399,31382
2326,31384
35527,31384
35528,31384
35529,31384
32800,31400
32801,31400
32802,31400
32803,31400
2572,31416
53629,31416
54514,31416
7776,31422
56866,31422
56867,31422
56868,31422
30126,31449
32036,31449
1719,31468
52442,31468
52443,31468
52444,31468
52445,31468
52446,31468
52447,31468
52448,31468
11217,31469
24062,31469
22127,31494
63222,31494
25715,31513
25771,31513
38661,31513
25971,31541
56567,31541
2771,31565
51787,31565
4225,31567
4609,31567
12691,31567
13566,31574
16923,31574
56262,31574
62626,31574
1643,31624
2055,31624
2056,31624
12587,31624
3196,31676
13486,31676
13566,31682
14415,31682
14416,31682
18709,31701
21233,31701
7181,31725
42708,31725
31802,31735
31803,31735
24915,31750
27152,31750
2990,31754
2991,31754
18033,31758
18391,31758
7548,31771
20794,31771
46467,31771
15411,31781
31621,31781
67569,31781
73333,31781
73334,31781
706,31791
21254,31791
25294,31791
26367,31794
40496,31794
33279,31804
33280,31804
5205,31844
5206,31844
10849,31844
9142,31866
11621,31866
130,31883
131,31883
4896,31887
4897,31887
25330,31910
25331,31910
1203,31917
2116,31917
5596,31917
16432,31917
59017,31950
59018,31950
2053,31969
8083,31969
801,32026
16653,32026
56148,32049
56149,32049
17529,32056
46857,32056
11305,32114
66708,32114
66709,32114
66710,32114
3233,32122
16607,32122
16608,32122
16609,32122
16610,32122
4092,32124
13516,32124
27066,32124
30378,32124
51664,32124
51665,32124
1976,32151
45679,32151
1788,32187
2018,32187
3196,32187
10849,32187
16960,32187
33580,32209
59014,32209
22510,32227
51160,32227
3251,32251
33932,32251
2055,32256
16165,32256
1029,32264
52963,32264
8231,32271
17566,32271
17719,32271
31578,32272
33091,32272
73856,32272
73857,32272
7180,32289
7181,32289
59139,32297
59141,32297
59196,32297
540,32309
541,32309
2253,32309
40052,32309
11776,32341
63352,32341
66942,32341
66943,32341
66944,32341
2406,32345
3425,32345
11513,32345
11514,32345
578,32349
20795,32349
25853,32349
1203,32370
8209,32370
16432,32370
6081,32415
14193,32415
27463,32464
41792,32464
55103,32506
55104,32506
50546,32514
50547,32514
4915,32517
21044,32517
23026,32527
29520,32527
53656,32527
71880,32527
9120,32586
18155,32586
659,32589
4432,32589
5296,32589
19610,32589
26173,32589
5266,32607
17448,32607
90,32642
24236,32642
33341,32642
66171,32642
74335,32642
74454,32642
2863,32670
2887,32670
1257,32686
23799,32686
13963,32699
17483,32699
27994,32699
59073,32700
59074,32700
59075,32700
63415,32720
63416,32720
90,32745
8210,32745
17295,32745
7331,32756
17941,32756
19653,32756
24662,32756
33760,32756
4307,32758
10474,32758
10475,32758
10476,32758
1643,32791
15529,32791
25844,32800
32665,32800
483,32824
8781,32824
17941,32824
28320,32824
28321,32824
10938,32840
16923,32840
2116,32847
25705,32847
27105,32847
27106,32847
1848,32849
21253,32849
1848,32858
3251,32858
3252,32858
3253,32858
579,32876
940,32876
5201,32876
826,32887
1402,32887
1513,32887
1547,32887
1860,32887
2154,32887
59015,32924
59068,32924
543,33003
8591,33003
28184,33003
30336,33003
54302,33003
54303,33003
54304,33003
54305,33003
1202,33015
11458,33015
30403,33056
30404,33056
32510,33098
32511,33098
2637,33099
2638,33099
18395,33127
24899,33127
977,33128
1755,33128
1756,33128
5450,33128
1848,33159
17940,33159
23414,33159
11310,33161
58781,33161
65899,33161
39093,33188
80469,33188
17808,33190
17809,33190
17810,33190
17811,33190
17470,33225
17566,33225
18447,33228
18448,33228
1751,33252
2310,33252
28446,33252
20174,33278
64288,33278
10938,33326
25386,33326
18498,33339
19653,33339
35134,33339
52174,33339
2066,33341
2699,33341
12962,33341
14193,33350
33365,33350
56751,33350
56752,33350
4398,33357
4399,33357
4400,33357
13566,33368
17727,33368
17728,33368
56652,33368
107,33370
2235,33370
47674,33370
57955,33370
1403,33380
7505,33380
36230,33398
36231,33398
36232,33398
23426,33497
23427,33497
23428,33497
1716,33502
49281,33502
23175,33503
23176,33503
23177,33503
23178,33503
23179,33503
15044,33532
20794,33532
21044,33532
44656,33532
8912,33547
80418,33547
197,33572
10704,33572
19721,33572
13574,33579
13575,33579
13576,33579
13577,33579
90,33582
8781,33582
14675,33582
28657,33582
39093,33623
56148,33623
28877,33624
43193,33624
46937,33624
46938,33624
8214,33647
8215,33647
17006,33652
17567,33652
21226,33652
21227,33652
21297,33652
22725,33652
969,33665
11588,33665
21683,33665
26219,33665
7053,33671
11544,33671
46250,33671
9120,33672
10253,33672
15062,33672
18955,33672
9901,33678
34391,33678
34392,33678
2307,33690
17006,33690
21227,33690
22725,33690
41112,33690
41113,33690
58615,33695
71459,33695
71460,33695
71461,33695
71462,33695
9568,33700
49845,33700
26102,33727
26103,33727
543,33729
914,33729
944,33729
7181,33734
38097,33734
659,33775
24992,33775
26789,33775
63281,33783
63282,33783
29877,33785
32820,33785
55047,33785
1977,33796
2863,33796
4147,33799
72240,33799
1751,33823
9879,33823
1214,33832
1302,33832
2055,33832
7331,33832
905,33841
51356,33841
4391,33847
4392,33847
42023,33874
44111,33874
17907,33900
19347,33900
20794,33900
53119,33900
53120,33900
1403,33902
58355,33902
58972,33917
58973,33917
27682,33924
28527,33924
28670,33924
28,33928
29,33928
25777,33928
2812,33940
2813,33940
12727,33949
12728,33949
12729,33949
1844,33951
27476,33951
54046,33951
854,33979
17780,33979
578,33983
49356,33983
5208,33990
8406,33990
16306,33990
16307,33990
16308,33990
16309,33990
8957,33993
14522,33993
5851,34019
22661,34019
60354,34019
47231,34041
47232,34041
47233,34041
21360,34043
24223,34043
14118,34058
14607,34058
29682,34058
72568,34058
18246,34074
18248,34074
21226,34074
21227,34074
30892,34074
30893,34074
3954,34104
3955,34104
3956,34104
1145,34110
1146,34110
26048,34110
27426,34114
59008,34114
59780,34118
59781,34118
1977,34123
6692,34123
819,34156
2374,34156
11258,34156
21355,34156
43196,34156
79912,34156
3425,34171
4399,34171
7714,34171
12587,34171
51334,34174
51335,34174
51336,34174
51337,34174
1160,34189
8464,34189
37360,34189
1789,34192
3196,34192
30499,34192
71378,34192
5132,34280
8210,34280
25078,34280
914,34298
20148,34298
24991,34298
854,34308
27404,34308
29487,34308
1789,34323
79301,34323
14467,34334
18463,34334
19773,34334
3252,34342
5596,34342
61496,34342
17844,34345
21232,34345
108,34359
706,34359
1766,34359
17727,34381
21048,34381
2669,34395
11073,34395
8783,34407
17136,34407
21691,34408
39200,34408
6451,34421
9275,34421
9025,34489
11294,34489
32903,34489
37825,34511
37827,34511
39676,34511
14944,34529
48276,34529
12962,34550
30310,34550
49427,34550
49456,34550
24224,34557
24225,34557
24226,34557
1797,34563
10543,34563
30955,34564
41416,34564
17167,34565
17168,34565
17169,34565
18231,34576
35254,34576
27993,34589
27994,34589
58358,34589
6482,34655
21471,34655
22029,34664
65895,34664
5168,34665
19826,34665
800,34708
1160,34708
10349,34708
26410,34763
29029,34763
3974,34832
21226,34832
21227,34832
21228,34832
26875,34840
26876,34840
19128,34885
19130,34885
29885,34885
22125,34920
53042,34920
2572,34943
14613,34943
1610,34950
1643,34950
4077,34950
7287,34957
7288,34957
7289,34957
17496,34958
17498,34958
74243,34958
74244,34958
5208,34960
5596,34960
59124,35002
59125,35002
59126,35002
1610,35041
15547,35041
15548,35041
17136,35067
18022,35067
21139,35067
33219,35067
2771,35091
5201,35091
1992,35094
12285,35094
27817,35094
29918,35094
63195,35121
63196,35121
1753,35155
17511,35155
18058,35193
25842,35193
60354,35227
68745,35227
1203,35263
6481,35263
8209,35263
19985,35316
51306,35316
15129,35324
32820,35324
1357,35348
18068,35348
22566,35348
1160,35411
8464,35411
74481,35411
74482,35411
74483,35411
74484,35411
6691,35418
6692,35418
1202,35441
1204,35441
1199,35451
1413,35451
1565,35451
1755,35451
11723,35451
12098,35451
1403,35460
2253,35460
2320,35460
40932,35460
1610,35508
6539,35508
54821,35508
6539,35556
6540,35556
38506,35559
38507,35559
99,35569
53734,35569
53735,35569
7894,35574
11105,35574
23266,35597
64142,35597
66175,35597
66176,35597
2024,35619
2863,35619
1213,35635
12806,35635
21356,35635
30625,35635
13601,35651
20775,35651
67713,35651
790,35695
4217,35695
4550,35695
7221,35695
25479,35695
39113,35695
20208,35715
20209,35715
2309,35736
9568,35736
5372,35801
20549,35801
634,35829
33707,35829
2589,35831
68078,35831
68079,35831
18859,35833
18860,35833
28357,35833
2699,35873
8781,35873
1029,35889
10681,35889
50686,35889
905,35895
19564,35895
58665,35913
58666,35913
58667,35913
1767,35915
63191,35915
62977,35926
62978,35926
46318,35940
46319,35940
17594,35952
24448,35952
20831,35957
35970,35957
35971,35957
35972,35957
1610,36052
1643,36052
2056,36052
21471,36052
19006,36054
43247,36054
6055,36080
13347,36080
18390,36080
26103,36094
30418,36094
44365,36109
44366,36109
22986,36128
22987,36128
17713,36137
40132,36137
40133,36137
40134,36137
5168,36198
47344,36198
47345,36198
44969,36214
44970,36214
10850,36251
48426,36251
23558,36299
62083,36299
9031,36305
29713,36305
44179,36305
12962,36308
19081,36308
19082,36308
12164,36355
17483,36355
59272,36399
59273,36399
59274,36399
53305,36453
53306,36453
44329,36458
44330,36458
17283,36489
17284,36489
19852,36513
32225,36513
32226,36513
32227,36513
4957,36530
22028,36530
22029,36530
17278,36542
52050,36542
52051,36542
941,36543
2337,36543
22170,36559
57516,36559
466,36567
2053,36567
4655,36567
5448,36567
5449,36567
5450,36567
2055,36576
79932,36576
9571,36589
11276,36589
14432,36596
15272,36596
53852,36596
14094,36651
14095,36651
57154,36686
57155,36686
826,36705
13600,36705
24566,36705
3196,36826
13486,36826
13600,36826
5758,36918
42506,36918
2987,36919
13392,36919
15129,36919
1614,36936
1615,36936
1617,36936
2310,36936
13347,36938
23949,36938
23950,36938
2062,36940
2063,36940
2064,36940
2065,36940
2066,36940
941,36941
1797,36941
30832,36957
32102,36957
56563,36957
65851,36957
602,36962
1719,36962
14104,36962
1403,36975
4147,36975
10849,36975
707,37034
1403,37034
21791,37093
27459,37093
578,37100
9562,37100
42701,37100
27425,37137
27426,37137
27427,37137
3513,37175
21301,37175
58064,37175
4888,37180
8463,37180
18417,37180
39503,37180
10242,37246
10243,37246
17006,37247
21226,37247
21227,37247
21297,37247
707,37259
35114,37259
28175,37261
39001,37261
11309,37307
18155,37307
60031,37307
1797,37309
4957,37309
13577,37309
17495,37342
22171,37342
31579,37342
33775,37342
1797,37350
6575,37350
27896,37350
14228,37361
47943,37361
17706,37368
36246,37368
36247,37368
625,37393
2374,37393
8083,37393
8084,37393
2983,37399
39898,37399
39899,37399
9386,37413
32010,37413
40732,37413
7755,37429
24503,37429
4307,37446
79352,37446
1312,37515
1610,37515
2214,37515
1403,37517
12285,37517
59157,37576
59158,37576
18395,37606
18682,37606
21807,37606
6146,37622
44868,37622
6082,37624
24446,37624
48505,37624
27801,37642
63395,37642
659,37761
64223,37761
10165,37776
21112,37776
34575,37776
12992,37790
12993,37790
59112,37849
59113,37849
59114,37849
69566,37890
69567,37890
69568,37890
2154,37902
24290,37902
90,37921
4132,37921
47087,37921
52095,37921
33891,37928
58631,37928
58632,37928
29941,37947
29942,37947
29943,37947
29944,37947
27553,38047
27554,38047
906,38049
36451,38049
36452,38049
19356,38076
22692,38076
22693,38076
90,38102
2984,38102
3252,38102
7715,38102
29030,38103
29031,38103
8539,38120
56866,38120
68179,38120
68180,38120
8464,38140
15018,38140
23502,38140
23571,38140
37360,38140
19740,38179
23502,38179
36091,38179
854,38197
1716,38197
1751,38197
2310,38197
13697,38197
21690,38197
32438,38197
22029,38219
39937,38219
29986,38257
29987,38257
29988,38257
29989,38257
74237,38271
74238,38271
26080,38280
26081,38280
26082,38280
26083,38280
26084,38280
26085,38280
2456,38283
4091,38283
30378,38283
32917,38283
11751,38325
11752,38325
11753,38325
50465,38364
50466,38364
50467,38364
1945,38366
56381,38366
26193,38382
56623,38382
64269,38382
3092,38408
15360,38408
1977,38416
23724,38416
11014,38417
11015,38417
11016,38417
5854,38420
9385,38420
9386,38420
9387,38420
1991,38449
5672,38449
10849,38449
28767,38541
32019,38541
32020,38541
26546,38559
26547,38559
2889,38563
16696,38563
33285,38568
44657,38568
44658,38568
1200,38571
1351,38571
2127,38571
17469,38571
20019,38604
32010,38604
943,38656
35039,38656
35040,38656
22029,38660
24525,38660
63687,38660
64314,38660
2228,38686
2320,38686
4344,38686
7891,38686
30773,38686
40307,38686
2990,38709
6585,38709
2055,38734
13900,38734
90,38737
1751,38737
1977,38757
4939,38757
38889,38773
38890,38773
45332,38797
45333,38797
45334,38797
22259,38805
22260,38805
6303,38859
20985,38859
23087,38859
23088,38859
5372,38885
11218,38885
15943,38885
15944,38885
15945,38885
2055,38925
8209,38925
943,38947
1327,38947
25077,38997
25078,38997
25079,38997
1513,39003
13347,39003
2863,39006
18648,39006
26809,39015
44088,39015
44414,39015
21156,39047
63333,39047
3513,39101
5208,39101
4997,39143
17168,39143
1403,39158
10849,39158
15959,39158
22677,39158
4161,39202
4162,39202
2253,39206
24992,39206
1302,39222
22704,39222
27655,39222
34021,39222
64620,39225
64621,39225
64622,39225
1945,39232
5208,39232
18476,39232
32740,39232
2887,39276
30288,39276
30822,39276
28191,39282
63332,39282
1214,39289
7331,39289
8083,39302
18639,39302
21793,39302
18498,39305
18501,39305
20837,39305
24560,39305
1132,39309
5758,39309
6466,39318
6467,39318
6468,39318
2572,39351
19959,39351
26306,39351
2699,39355
9979,39355
37824,39370
37825,39370
37826,39370
37827,39370
1977,39387
2228,39387
9660,39387
1402,39395
1513,39395
22940,39417
22941,39417
8083,39437
17483,39437
975,39466
990,39466
9386,39466
12164,39488
12843,39488
11591,39503
15495,39503
17136,39503
59641,39503
31269,39519
31270,39519
31271,39519
32264,39541
32265,39541
32266,39541
2169,39543
53970,39543
59780,39548
64333,39548
59082,39560
59083,39560
8781,39581
13149,39581
17941,39581
1737,39589
4147,39589
12691,39589
21471,39589
35334,39589
63397,39591
63398,39591
6144,39630
6146,39630
14118,39630
17390,39630
27682,39630
28527,39630
40394,39630
59854,39630
944,39633
15959,39633
8075,39666
28576,39666
58993,39698
58994,39698
20553,39711
20554,39711
32495,39711
18155,39731
24642,39731
30091,39731
35314,39731
35315,39731
35316,39731
15020,39740
19832,39740
12164,39749
35187,39749
13697,39787
13698,39787
940,39792
1201,39792
1403,39792
2887,39793
22660,39793
22661,39793
25724,39793
30822,39793
1797,39810
38590,39810
28224,39817
28225,39817
1160,39821
4149,39821
8464,39821
13577,39831
13980,39831
13981,39831
13982,39831
5527,39850
5528,39850
4802,39941
48817,39941
10938,40003
25918,40003
25919,40003
70885,40039
70886,40039
70887,40039
1610,40064
30503,40064
30504,40064
10114,40105
10115,40105
13466,40130
19503,40130
29037,40130
29038,40130
13466,40172
74293,40172
63099,40195
63100,40195
3918,40203
16899,40203
2169,40241
10142,40241
10261,40241
17470,40241
24688,40241
21355,40294
21356,40294
21357,40294
6321,40315
48260,40315
2572,40320
62239,40320
18,40329
1565,40329
22956,40329
7763,40350
17708,40350
20116,40356
22956,40356
32328,40356
8075,40368
17677,40368
26199,40368
2326,40377
2328,40377
7941,40377
13940,40377
15273,40381
29196,40381
944,40393
5755,40393
21683,40393
41372,40393
28276,40408
56567,40408
58005,40408
2066,40415
12962,40415
33912,40450
33913,40450
8209,40471
50448,40471
50449,40471
1202,40482
9766,40482
11621,40607
11622,40607
1214,40640
19137,40640
42950,40640
123,40645
3526,40645
580,40651
2055,40651
4091,40651
13515,40651
13516,40651
13517,40651
18498,40688
18499,40688
18500,40688
18501,40688
8,40705
12,40705
57248,40705
11513,40716
15129,40716
19178,40716
24435,40716
49862,40716
706,40731
1513,40731
49281,40731
533,40741
4915,40741
7715,40741
8716,40741
5207,40754
11276,40754
20417,40754
8210,40798
32470,40798
66016,40798
11164,40834
46644,40834
11882,40848
11883,40848
8717,40913
17727,40913
55924,40913
2094,40922
48417,40922
48418,40922
17565,40923
23243,40923
7585,40925
7586,40925
7587,40925
7588,40925
1513,40959
2700,40959
11328,40959
8912,40965
15274,40965
15275,40965
43303,40967
43304,40967
917,40992
918,40992
919,40992
14608,41009
21611,41009
41988,41009
59732,41009
19048,41013
33376,41013
1513,41032
2985,41032
58830,41032
58831,41032
2228,41039
4147,41039
10287,41039
11458,41039
22985,41039
12562,41048
19347,41048
18448,41066
18971,41066
24992,41105
77627,41105
10395,41117
10396,41117
18,41132
2116,41132
5205,41132
9923,41132
49914,41132
49915,41132
12164,41140
35187,41140
54124,41140
63372,41156
63373,41156
944,41214
18680,41214
26957,41214
21048,41266
49037,41266
22125,41324
40148,41324
1789,41325
45691,41325
21240,41333
21241,41333
58976,41333
8694,41343
11120,41343
18417,41351
20684,41351
45441,41351
5854,41388
10769,41388
819,41420
2374,41420
855,41436
7329,41436
8075,41436
9901,41436
20990,41436
2374,41448
14183,41448
1058,41465
12013,41465
26225,41465
10543,41499
31768,41499
40465,41521
40466,41521
40467,41521
40468,41521
30945,41562
30946,41562
10579,41639
20115,41639
22092,41639
9317,41657
9318,41657
9319,41657
6465,41668
12226,41668
67428,41668
67429,41668
67430,41668
67431,41668
67432,41668
67433,41668
67434,41668
67435,41668
67436,41668
67437,41668
67438,41668
67439,41668
67440,41668
67441,41668
67442,41668
67443,41668
67444,41668
11418,41688
19572,41688
20188,41688
918,41724
919,41724
1403,41724
6376,41743
6377,41743
24804,41748
34364,41748
8782,41809
10253,41809
854,41872
1673,41872
18519,41872
2573,41875
6241,41875
6242,41875
6243,41875
578,41885
37430,41885
18060,41889
50079,41889
977,41909
2572,41909
7403,41909
11024,41914
27913,41914
28,41929
2483,41929
2484,41929
8230,41932
50860,41932
8075,41942
9269,41942
13566,41942
1351,41971
2669,41971
11711,41975
12246,41975
3252,42000
21253,42000
24560,42000
8468,42003
8469,42003
3955,42009
20956,42009
27462,42041
64211,42041
64212,42041
64213,42041
2053,42049
43467,42049
49392,42051
49393,42051
822,42090
823,42090
824,42090
825,42090
59184,42097
59185,42097
59186,42097
90,42100
579,42100
25844,42107
56812,42107
64866,42107
77721,42107
17483,42120
25478,42120
50117,42143
50118,42143
1060,42159
26225,42159
11589,42162
20989,42162
10253,42185
52956,42185
790,42194
1766,42194
7637,42194
533,42221
15411,42221
28105,42221
2863,42234
48583,42234
2588,42251
2589,42251
854,42258
11277,42258
2141,42304
2142,42304
22423,42326
39625,42326
8934,42327
8935,42327
17006,42334
21297,42334
22725,42334
22726,42334
19959,42344
40703,42344
123,42351
124,42351
125,42351
126,42351
2228,42388
10286,42388
10287,42388
11458,42388
99,42396
1302,42396
2715,42396
11386,42396
59132,42479
59133,42479
9025,42510
23985,42510
1357,42528
14309,42528
1716,42585
1717,42585
1945,42585
855,42605
2066,42605
2566,42605
9901,42605
21683,42605
26219,42605
1767,42653
12991,42653
1614,42661
11723,42661
18924,42661
8892,42663
63107,42663
63108,42663
706,42670
2234,42670
8840,42691
8841,42691
8842,42691
8843,42691
2456,42715
21440,42715
18303,42768
21232,42768
5372,42787
15943,42787
15944,42787
15945,42787
15946,42787
16646,42822
19653,42822
10704,42827
25063,42827
2018,42831
3196,42831
63164,42858
63165,42858
63166,42858
63167,42858
12541,42884
12542,42884
13532,42884
42022,42892
42023,42892
42024,42892
42,42962
17168,42962
51477,42962
51478,42962
6209,42994
11588,42994
1860,42995
10261,42995
5207,43017
5988,43017
24652,43017
59019,43088
59020,43088
59021,43088
1977,43089
12990,43089
17965,43097
20990,43097
2572,43126
5168,43126
6081,43150
6082,43150
108,43174
18860,43174
19356,43174
17567,43211
18246,43211
21226,43211
21227,43211
5854,43233
7775,43233
13149,43254
18360,43254
24425,43254
2320,43274
4344,43274
11217,43274
16842,43286
43252,43286
2053,43292
2700,43292
37155,43292
37156,43292
1848,43299
27404,43299
30442,43299
7763,43309
12691,43309
64303,43309
80615,43309
18501,43311
77722,43311
77723,43311
4092,43343
15044,43343
20244,43343
6628,43354
6629,43354
6630,43354
818,43410
11258,43410
14412,43410
22700,43410
3759,43415
5372,43415
1789,43447
10936,43447
10937,43447
10938,43447
188,43453
189,43453
1519,43458
52806,43458
45375,43460
45376,43460
707,43462
940,43462
1513,43462
2065,43483
2066,43483
30878,43483
53261,43483
10938,43496
11179,43496
20636,43496
20684,43496
65694,43496
65695,43496
2053,43499
5450,43499
41629,43499
944,43521
4078,43521
9282,43521
2228,43605
2320,43605
30773,43605
658,43618
1673,43618
28802,43636
58865,43636
7329,43647
32019,43647
58602,43665
58603,43665
8783,43700
13283,43700
17136,43700
21563,43700
35501,43700
10578,43713
14944,43713
27519,43713
28286,43713
1638,43749
5016,43749
33473,43749
2990,43762
6585,43762
36424,43762
1402,43786
32064,43786
21791,43795
28621,43795
659,43826
3196,43826
1146,43827
1753,43827
20698,43827
5206,43834
13574,43834
13576,43834
13713,43834
4092,43858
11309,43858
2984,43868
48165,43868
48166,43868
540,43873
541,43873
543,43873
544,43873
14675,43874
19610,43874
7465,43891
7466,43891
7467,43891
51307,43892
51308,43892
2394,43898
2395,43898
7053,43906
20853,43906
77719,43906
12993,43908
16614,43908
5129,43911
25386,43911
32533,43911
11161,43914
11162,43914
28371,43925
28372,43925
28373,43925
10253,43942
21048,43942
42844,43949
42845,43949
42846,43949
29712,43953
45791,43953
17480,43969
17481,43969
17482,43969
658,43982
18859,43982
18860,43982
32467,43982
658,43988
30419,43988
32390,43988
1357,43994
11644,43994
5178,43999
5179,43999
5180,43999
35234,44029
35235,44029
13347,44035
78721,44035
2053,44052
43242,44052
23884,44084
29520,44084
914,44108
2253,44108
21481,44108
5853,44134
5854,44134
10756,44134
11589,44143
26139,44143
1716,44150
3773,44150
1944,44206
5596,44206
8075,44206
9269,44206
17965,44206
21714,44206
6584,44253
6585,44253
26021,44253
33585,44261
42478,44261
42479,44261
659,44279
20837,44279
23615,44279
25918,44279
30419,44279
30420,44279
27351,44305
27352,44305
27353,44305
1610,44320
14151,44320
1991,44336
5672,44336
29432,44336
14944,44374
18155,44374
48712,44374
18521,44437
63185,44437
6380,44445
11830,44445
2889,44479
14412,44479
14414,44479
1327,44481
1328,44481
11179,44482
12541,44482
12542,44482
30848,44482
30849,44482
1160,44492
2863,44492
13149,44497
20406,44497
24425,44497
19928,44511
42837,44511
65980,44511
1614,44603
11723,44603
58527,44603
13574,44627
31768,44627
13600,44638
14351,44638
18178,44645
21241,44645
89,44659
90,44659
12286,44720
12287,44720
21562,44729
21563,44729
3092,44753
43427,44753
8083,44768
23985,44768
46855,44769
46856,44769
24990,44782
31699,44782
5854,44828
20683,44828
20684,44828
20685,44828
9447,44874
9448,44874
30504,44889
39114,44889
48881,44925
48882,44925
10936,44940
20666,44940
20667,44940
20668,44940
940,44961
941,44961
942,44961
1414,44986
26259,44986
56314,44986
56315,44986
56316,44986
2572,44996
7762,44996
45703,44996
49179,45026
51236,45026
2337,45137
33350,45137
13515,45141
30708,45141
1199,45149
1413,45149
1565,45149
1755,45149
12098,45149
26574,45149
1797,45169
2624,45169
2625,45169
71980,45174
71981,45174
71982,45174
71983,45174
34100,45198
47362,45198
47363,45198
29122,45211
30170,45211
27801,45216
36661,45216
18639,45229
18640,45229
580,45236
3773,45236
16842,45236
25194,45236
11513,45249
12162,45249
16614,45293
26250,45293
1213,45358
55789,45358
9025,45395
18521,45395
63078,45395
12338,45407
14228,45407
24668,45407
41280,45417
41281,45417
913,45419
14284,45419
24992,45419
1788,45440
1789,45440
33579,45445
33580,45445
74272,45472
74273,45472
74274,45472
8717,45478
17677,45478
17678,45478
24662,45478
15142,45481
15143,45481
15144,45481
460,45488
34087,45488
108,45498
2090,45498
2700,45498
2309,45504
2310,45504
20073,45504
461,45507
46203,45507
46204,45507
13201,45519
16614,45519
2066,45527
40966,45527
40967,45527
77366,45559
79778,45559
79779,45559
1414,45619
20733,45619
40569,45619
1673,45675
4431,45675
4432,45675
658,45681
60009,45681
1299,45693
1311,45693
1312,45693
1610,45693
27312,45693
11308,45726
11309,45726
11310,45726
26612,45741
26613,45741
26614,45741
26615,45741
27469,45743
27470,45743
18157,45748
23403,45748
54859,45748
55285,45787
55286,45787
55287,45787
7775,45799
7776,45799
17568,45799
25844,45817
56811,45817
56812,45817
578,45838
25506,45838
10261,45845
17975,45845
17976,45845
275,45899
789,45899
790,45899
3771,45899
17594,45912
17595,45912
17596,45912
59052,45957
59053,45957
59054,45957
59055,45957
4092,46062
10253,46062
35180,46062
6142,46064
49511,46064
55034,46075
55035,46075
1158,46107
2253,46107
3134,46107
943,46141
1402,46141
1766,46141
603,46172
8528,46172
53282,46187
53283,46187
123,46217
71724,46217
71725,46217
634,46229
12962,46229
45493,46229
663,46266
1755,46266
1756,46266
58984,46286
59208,46286
12079,46301
23833,46301
3814,46302
3815,46302
8528,46378
8957,46378
39310,46378
8693,46388
8694,46388
3425,46442
27655,46442
14228,46509
50557,46509
12164,46540
17566,46540
43197,46540
43198,46540
1214,46565
1797,46565
2018,46565
10543,46565
22336,46568
22337,46568
22338,46568
22339,46568
20694,46577
42390,46577
2410,46582
2412,46582
53963,46582
18417,46598
39503,46598
18448,46635
18971,46635
30499,46635
1844,46661
35915,46661
54138,46661
826,46665
51290,46665
12532,46730
12533,46730
913,46734
1203,46734
10578,46734
905,46745
906,46745
19691,46764
59009,46764
14227,46774
14228,46774
20683,46797
56024,46797
1944,46800
9922,46800
5296,46806
26173,46806
2571,46832
53628,46832
53629,46832
17097,46839
37558,46839
37559,46839
2863,46878
5168,46878
5169,46878
8892,46924
8893,46924
2116,46937
17893,46937
36670,46941
36671,46941
8076,46959
36778,46959
36779,46959
63079,46961
63080,46961
663,46969
1756,46969
1991,46969
111,46988
29499,46988
17632,47020
19405,47020
19406,47020
24990,47028
70780,47028
70781,47028
70782,47028
70783,47028
3400,47031
3401,47031
1312,47034
1905,47034
1200,47068
1351,47068
2198,47068
10679,47083
14104,47083
7143,47085
37128,47085
4801,47090
4805,47090
22711,47099
77710,47099
3196,47107
6492,47107
6493,47107
1615,47109
1617,47109
2310,47109
29287,47109
26161,47119
26162,47119
5596,47142
49600,47142
39111,47153
39112,47153
19512,47159
19832,47159
31918,47159
826,47192
41379,47192
14117,47198
48029,47198
48030,47198
12223,47206
12224,47206
18785,47212
30600,47212
1610,47217
14788,47217
4915,47264
37184,47264
2572,47269
18470,47269
7715,47291
9120,47291
4400,47326
5596,47326
54419,47326
3196,47333
19005,47333
2625,47352
18246,47352
20480,47352
62346,47385
62347,47385
107,47465
1513,47465
7331,47465
42,47466
17168,47466
1203,47487
5596,47487
16432,47487
53510,47500
53511,47500
2699,47543
48951,47543
90,47551
5372,47551
1796,47555
2985,47555
22404,47555
35586,47555
1716,47577
1717,47577
1718,47577
9025,47600
12922,47600
663,47640
854,47640
855,47640
1756,47640
5180,47668
14130,47668
20924,47668
6868,47685
6869,47685
9025,47696
22729,47696
63086,47706
63087,47706
90,47717
855,47717
9901,47717
18459,47730
18460,47730
5851,47749
18971,47749
35863,47754
35864,47754
35865,47754
31642,47770
40327,47770
11290,47812
24642,47812
855,47833
11621,47833
26584,47833
31621,47833
36229,47833
30833,47844
66651,47844
11101,47873
11102,47873
9568,47941
12080,47941
3513,47954
3514,47954
1200,47964
1351,47964
19314,47964
656,48023
18860,48023
18952,48023
35567,48023
2153,48041
2169,48041
15827,48041
4306,48061
4307,48061
96,48085
12337,48085
706,48092
50861,48092
50862,48092
826,48105
8075,48105
18058,48105
18952,48105
20990,48105
25842,48105
9901,48153
21563,48153
26138,48153
55180,48153
31355,48156
31356,48156
707,48171
28613,48171
1789,48176
10936,48176
9713,48185
25842,48185
33118,48185
20406,48309
39854,48309
50548,48309
20668,48311
25553,48311
25554,48311
62506,48316
62507,48316
35134,48330
74424,48330
74425,48330
74426,48330
7715,48372
8716,48372
46251,48372
20494,48394
55833,48394
13200,48402
13201,48402
13202,48402
10555,48414
10556,48414
1643,48435
4957,48435
9916,48435
659,48512
5297,48512
19356,48512
905,48576
18231,48576
27854,48576
46395,48576
46396,48576
46397,48576
46398,48576
46399,48576
34700,48577
34701,48577
34702,48577
18395,48584
25342,48584
22749,48610
74444,48610
7587,48644
42661,48644
47254,48644
1807,48662
3915,48662
3916,48662
3917,48662
3918,48662
1975,48667
2571,48667
9756,48667
977,48680
2572,48680
53347,48680
5180,48761
14130,48761
47664,48833
64332,48833
63334,48863
63335,48863
26253,48866
42605,48866
42606,48866
34916,48872
34917,48872
198,48917
16798,48917
8417,48931
8418,48931
10923,48941
71158,48941
71159,48941
36072,48942
53616,48942
40172,48957
51875,48957
32074,48984
32075,48984
32076,48984
3196,48993
71378,48993
854,49001
12285,49001
16646,49001
2090,49002
4997,49002
4998,49002
14432,49021
15272,49021
2484,49026
18448,49026
14147,49043
14148,49043
19610,49049
71385,49049
818,49059
1213,49059
7805,49111
13521,49111
2227,49124
2374,49124
4955,49124
5036,49124
14412,49124
15018,49124
15019,49124
15020,49124
2814,49125
2815,49125
2816,49125
544,49147
2669,49147
31719,49147
32164,49165
32165,49165
35993,49165
5208,49175
8406,49175
1610,49205
17738,49205
2053,49225
8395,49225
17447,49225
33586,49225
1060,49226
3771,49226
59027,49229
59028,49229
59029,49229
59030,49229
6282,49241
10578,49241
10579,49241
8083,49248
10704,49248
18390,49255
50814,49255
8463,49263
32102,49263
9756,49276
10261,49276
34130,49276
28383,49303
28384,49303
28385,49303
28386,49303
28387,49303
55265,49307
55266,49307
55267,49307
55268,49307
55269,49307
10704,49310
63044,49310
33693,49351
33694,49351
1403,49374
1413,49374
18033,49374
23419,49374
826,49377
7331,49377
13600,49377
9184,49381
56782,49381
41708,49392
41709,49392
3252,49427
21253,49427
35134,49427
1203,49457
16432,49457
16653,49457
13566,49473
16923,49473
69372,49473
79876,49491
79877,49491
11644,49492
46773,49492
21252,49519
21254,49519
9756,49527
28727,49527
532,49538
533,49538
21301,49538
9571,49545
21814,49545
5596,49588
11309,49588
18537,49588
1977,49605
10578,49605
43346,49605
9932,49608
11626,49608
54667,49608
54668,49608
5200,49610
5201,49610
1673,49612
4915,49612
5362,49612
29520,49612
55130,49612
5672,49621
10849,49621
25715,49621
10938,49628
77587,49628
2984,49656
9120,49656
9121,49656
9802,49656
7142,49666
42262,49666
1513,49674
4998,49674
35239,49682
50263,49682
7181,49713
51381,49713
63407,49726
63408,49726
2812,49729
7763,49729
40575,49729
13423,49749
13424,49749
1991,49755
22981,49755
15761,49758
15762,49758
9915,49763
21284,49763
21285,49763
11723,49790
44841,49790
10411,49824
26174,49824
2063,49830
11242,49830
658,49844
2320,49844
12285,49844
33321,49845
33322,49845
18,49859
1302,49859
7331,49859
10579,49884
30651,49884
1766,49927
1767,49927
20073,49937
28446,49937
39092,49937
13600,49938
19534,49938
67487,49938
67488,49938
67489,49938
60301,49949
60302,49949
60303,49949
10704,49957
63169,49957
13898,49998
15129,49998
35400,49998
35401,49998
1755,50002
26941,50002
35386,50002
13582,50018
13583,50018
13584,50018
13423,50023
17565,50023
24820,50023
4657,50039
25113,50039
25114,50039
25115,50039
25116,50039
4092,50066
43351,50066
13981,50081
21284,50081
4915,50097
8214,50097
29,50107
25777,50107
63171,50114
63172,50114
1311,50118
1312,50118
25535,50118
74154,50127
74155,50127
59200,50153
59201,50153
29,50169
10936,50169
38282,50169
59165,50195
59166,50195
59167,50195
59168,50195
55096,50256
55097,50256
130,50282
1023,50282
663,50288
7755,50288
56969,50303
56970,50303
21155,50346
27295,50346
854,50358
37635,50358
46372,50401
46373,50401
9142,50408
11621,50408
12562,50408
79171,50435
79172,50435
18058,50436
18680,50436
25842,50436
27021,50436
1797,50462
20848,50462
8083,50484
63391,50484
6481,50487
48012,50487
4306,50513
10474,50513
11024,50513
21611,50533
41420,50533
11984,50534
66841,50534
66842,50534
19928,50560
19929,50560
625,50574
8083,50574
10287,50574
656,50609
6621,50609
90,50642
3253,50642
21233,50645
47419,50645
53270,50645
5372,50703
29581,50703
659,50705
5296,50705
5297,50705
603,50714
8433,50714
20097,50720
20098,50720
20099,50720
10105,50746
10106,50746
20174,50755
46629,50755
22125,50773
54934,50773
977,50797
20694,50797
20695,50797
15144,50806
43279,50806
43280,50806
43281,50806
32071,50815
34571,50815
7335,50819
7336,50819
2990,50828
14675,50828
49178,50838
49179,50838
49180,50838
706,50840
1513,50840
2985,50840
625,50869
2374,50869
5672,50869
11258,50869
21355,50869
43196,50869
1203,50883
1844,50883
1941,50883
1942,50883
1943,50883
1944,50883
1945,50883
59133,50905
59183,50905
25844,50936
28347,50936
65116,50958
65117,50958
854,50977
2699,50977
7329,50987
9916,50987
1547,51079
2699,51079
3902,51079
15128,51079
107,51091
18391,51091
10142,51095
23440,51095
61312,51095
2669,51114
63039,51114
4888,51148
40195,51148
30336,51169
44421,51169
44422,51169
5595,51194
5596,51194
854,51219
855,51219
4431,51236
18952,51236
38124,51236
22987,51244
44774,51244
44775,51244
2484,51253
18155,51253
59151,51264
59152,51264
59153,51264
603,51270
12337,51270
21693,51315
21694,51315
63143,51325
63144,51325
63145,51325
8077,51373
8078,51373
42,51440
19179,51440
48014,51440
2374,51454
5036,51454
43196,51454
7714,51469
44261,51469
13034,51470
17920,51470
17921,51470
1848,51475
2062,51475
2066,51475
12962,51475
37192,51475
17678,51497
77689,51497
77690,51497
1160,51525
38188,51525
29095,51533
29096,51533
14944,51538
20553,51538
1975,51553
2571,51553
10142,51553
11457,51553
1991,51576
33388,51576
59060,51580
59061,51580
59062,51580
59010,51608
59011,51608
59012,51608
59013,51608
1201,51615
19403,51615
21419,51615
18058,51622
21459,51622
23810,51622
25842,51622
27722,51622
58256,51622
3513,51630
24992,51630
2815,51631
4364,51631
4365,51631
1716,51668
4888,51668
5016,51668
46249,51668
46250,51668
18390,51680
27100,51680
39853,51709
39854,51709
20553,51763
20554,51763
1751,51798
1756,51798
6321,51798
48260,51798
625,51822
6823,51822
20137,51822
58442,51822
37764,51824
63133,51824
578,51839
29234,51839
30833,51879
58736,51879
